{
    "Path": "/OneCloud/",
    "RoleName": "kubernetes-tack-master",
    "RoleId": "AROAIZH3MNTPSHUEVMC5Q",
    "Arn": "arn:aws:iam::778038366081:role/OneCloud/kubernetes-tack-master",
    "CreateDate": "2018-03-06T19:16:04Z",
    "AssumeRolePolicyDocument": {
        "Version": "2012-10-17",
        "Statement": [
            {
                "Effect": "Allow",
                "Principal": {
                    "AWS": "arn:aws:iam::778038366081:root"
                },
                "Action": "sts:AssumeRole"
            },
            {
                "Effect": "Allow",
                "Principal": {
                    "Service": "ec2.amazonaws.com"
                },
                "Action": "sts:AssumeRole"
            }
        ]
    },
    "InstanceProfileList": [
        {
            "Path": "/",
            "InstanceProfileName": "kubernetes-tack-master",
            "InstanceProfileId": "AIPAJCL5PXSCBJVKQRS6K",
            "Arn": "arn:aws:iam::778038366081:instance-profile/kubernetes-tack-master",
            "CreateDate": "2018-03-06T19:16:05Z",
            "Roles": [
                {
                    "Path": "/OneCloud/",
                    "RoleName": "kubernetes-tack-master",
                    "RoleId": "AROAIZH3MNTPSHUEVMC5Q",
                    "Arn": "arn:aws:iam::778038366081:role/OneCloud/kubernetes-tack-master",
                    "CreateDate": "2018-03-06T19:16:04Z",
                    "AssumeRolePolicyDocument": {
                        "Version": "2012-10-17",
                        "Statement": [
                            {
                                "Effect": "Allow",
                                "Principal": {
                                    "AWS": "arn:aws:iam::778038366081:root"
                                },
                                "Action": "sts:AssumeRole"
                            },
                            {
                                "Effect": "Allow",
                                "Principal": {
                                    "Service": "ec2.amazonaws.com"
                                },
                                "Action": "sts:AssumeRole"
                            }
                        ]
                    }
                }
            ]
        }
    ],
    "RolePolicyList": [
        {
            "PolicyName": "kubernetes-tack-master-policy",
            "PolicyDocument": {
                "Version": "2012-10-17",
                "Statement": [
                    {
                        "Action": [
                            "ec2:AttachVolume",
                            "ec2:CreateTags",
                            "ec2:CreateVolume",
                            "ec2:DeleteVolume",
                            "ec2:Describe*",
                            "ec2:DescribeInstances",
                            "ec2:DetachVolume",
                            "ec2:CreateSecurityGroup",
                            "ec2:AuthorizeSecurityGroupIngress",
                            "ec2:AuthorizeSecurityGroupEgress",
                            "ec2:DeleteSecurityGroup",
                            "ec2:RevokeSecurityGroupEgress",
                            "ec2:RevokeSecurityGroupIngress",
                            "elasticloadbalancing:*"
                        ],
                        "Effect": "Allow",
                        "Resource": [
                            "*"
                        ]
                    },
                    {
                        "Effect": "Allow",
                        "Action": [
                            "ecr:GetAuthorizationToken",
                            "ecr:BatchCheckLayerAvailability",
                            "ecr:GetDownloadUrlForLayer",
                            "ecr:GetRepositoryPolicy",
                            "ecr:DescribeRepositories",
                            "ecr:ListImages",
                            "ecr:BatchGetImage"
                        ],
                        "Resource": "*"
                    },
                    {
                        "Effect": "Allow",
                        "Action": [
                            "autoscaling:DescribeAutoScalingGroups",
                            "autoscaling:DescribeAutoScalingInstances",
                            "autoscaling:SetDesiredCapacity",
                            "autoscaling:TerminateInstanceInAutoScalingGroup"
                        ],
                        "Resource": "*"
                    }
                ]
            }
        }
    ],
    "AttachedManagedPolicies": [
        {
            "PolicyName": "AmazonEC2FullAccess",
            "PolicyArn": "arn:aws:iam::aws:policy/AmazonEC2FullAccess"
        },
        {
            "PolicyName": "AutoScalingFullAccess",
            "PolicyArn": "arn:aws:iam::aws:policy/AutoScalingFullAccess"
        },
        {
            "PolicyName": "AmazonS3FullAccess",
            "PolicyArn": "arn:aws:iam::aws:policy/AmazonS3FullAccess"
        },
        {
            "PolicyName": "kubernetes-tack-master_governance",
            "PolicyArn": "arn:aws:iam::778038366081:policy/kubernetes-tack-master_governance"
        },
        {
            "PolicyName": "AWSConfigRole",
            "PolicyArn": "arn:aws:iam::aws:policy/service-role/AWSConfigRole"
        },
        {
            "PolicyName": "AmazonVPCFullAccess",
            "PolicyArn": "arn:aws:iam::aws:policy/AmazonVPCFullAccess"
        },
        {
            "PolicyName": "AWSKeyManagementServicePowerUser",
            "PolicyArn": "arn:aws:iam::aws:policy/AWSKeyManagementServicePowerUser"
        },
        {
            "PolicyName": "NetworkAdministrator",
            "PolicyArn": "arn:aws:iam::aws:policy/job-function/NetworkAdministrator"
        },
        {
            "PolicyName": "AmazonRoute53FullAccess",
            "PolicyArn": "arn:aws:iam::aws:policy/AmazonRoute53FullAccess"
        }
    ]
}
