{
            "Path": "/",
            "InstanceProfileName": "kubernetes-tack-master",
            "InstanceProfileId": "AIPAJCL5PXSCBJVKQRS6K",
            "Arn": "arn:aws:iam::778038366081:instance-profile/kubernetes-tack-master",
            "CreateDate": "2018-03-06T19:16:05Z",
            "Roles": [
                {
                    "Path": "/OneCloud/",
                    "RoleName": "kubernetes-tack-master",
                    "RoleId": "AROAIZH3MNTPSHUEVMC5Q",
                    "Arn": "arn:aws:iam::778038366081:role/OneCloud/kubernetes-tack-master",
                    "CreateDate": "2018-03-06T19:16:04Z",
                    "AssumeRolePolicyDocument": {
                        "Version": "2012-10-17",
                        "Statement": [
                            {
                                "Effect": "Allow",
                                "Principal": {
                                    "AWS": "arn:aws:iam::778038366081:root"
                                },
                                "Action": "sts:AssumeRole"
                            },
                            {
                                "Effect": "Allow",
                                "Principal": {
                                    "Service": "ec2.amazonaws.com"
                                },
                                "Action": "sts:AssumeRole"
                            }
                        ]
                    }
                }
            ]
        }
