<?xml version="1.0" encoding="UTF-8"?>
<beans xmlns="http://www.springframework.org/schema/beans"
       xmlns:xsi="http://www.w3.org/2001/XMLSchema-instance"
       xmlns:util="http://www.springframework.org/schema/util"
       xsi:schemaLocation=
               "http://www.springframework.org/schema/beans http://www.springframework.org/schema/beans/spring-beans.xsd
               http://www.springframework.org/schema/util http://www.springframework.org/schema/util/spring-util.xsd">

    <bean id="defaultReplayConsumer" class="com.comcast.merlin.sirius.ingest.consumer.Chain">
        <property name="consumers">
            <util:list value-type="com.comcast.merlin.sirius.ingest.EventConsumer">

                <!-- Don't write to repositories on master node (already took place prior to submitting to Sirius) -->
                <bean class="com.comcast.merlin.sirius.ingest.consumer.SlaveNodeFilter">
                    <constructor-arg index="0" ref="siriusFactory"/>
                    <constructor-arg index="1" value="${sirius.commons.slaveClusterMode}"/>
                </bean>

                <bean class="com.comcast.merlin.sirius.ingest.consumer.replay.DisabledRepositoryFilter">
                    <constructor-arg index="0" value="${sirius.commons.repository.disabled.list}" />
                </bean>

                <!-- We want the NotifierConsumer to get the Event prior to updating the repository
                     (LongRepositoryWriter) in case it needs to reference the old value. Because the master node writes
                     to its repository prior to submitting Events to Sirius, the master node should not be configured
                     as the gridWebService.notifier.isNotificationNode. -->
                <ref bean="notifierConsumer"/>

                <bean class="com.comcast.merlin.sirius.ingest.consumer.replay.RepositoryWriter">
                    <property name="siriusEndpointRegistry" ref="siriusEndpointRegistry"/>
                </bean>
            </util:list>
        </property>
    </bean>

    <!--************************************************************************************************************-->
    <!-- Notification Configuration -->

    <!-- Converters -->
    <util:map id="notifierConverters" key-type="com.comcast.merlin.sirius.model.SiriusObjectType">
        <entry key="listing">
            <bean class="com.theplatform.web.tv.gws.ingest.consumer.notifier.model.ListingNotificationConverter">
                <property name="listingRepository" ref="listingRepository" />
            </bean>
        </entry>
        <entry key="game">
            <bean class="com.theplatform.web.tv.gws.ingest.consumer.notifier.model.GameListingNotificationConverter">
                <constructor-arg index="0" ref="gameRepository"/>
                <constructor-arg index="1" ref="listingRepository"/>
            </bean>
        </entry>
    </util:map>

    <!-- Checkers -->
    <util:map id="checkers" key-type="com.comcast.merlin.sirius.model.SiriusObjectType"
              value-type="com.theplatform.web.tv.gws.ingest.consumer.notifier.check.Check">
        <entry key="listing">
            <bean class="com.theplatform.web.tv.gws.ingest.consumer.notifier.check.ListingCheck">
                <property name="listingRepository" ref="listingRepository" />
            </bean>
        </entry>
    </util:map>

    <!-- SNS Topics  -->
    <util:map id="typeToTopicMap" key-type="com.comcast.merlin.sirius.model.SiriusObjectType" >
        <entry key="listing" value="${gridWebService.sns.topic.listing}"/>
    </util:map>

    <bean id="notifierMBean" class="com.theplatform.web.tv.gws.ingest.consumer.notifier.NotifierMBean" />

    <bean id="notifierConsumer" class="com.theplatform.web.tv.gws.ingest.consumer.notifier.NotifierConsumer" >
        <property name="notificationEnabled" value="${gridWebService.notifier.isNotificationNode}"/>
        <property name="notifier" >
            <bean class="com.theplatform.web.tv.gws.ingest.consumer.notifier.Notifier">
                <property name="notificationConverters" ref="notifierConverters"/>
                <property name="publisher" ref="awsPublisher" />
                <property name="sequenceTracker" ref="sequenceTracker"/>
                <property name="publishCheck" ref="checkers" />
                <property name="notifierMBean" ref="notifierMBean"/>
            </bean>
        </property>
    </bean>

    <bean id="sequenceTracker" class="com.theplatform.web.tv.gws.ingest.consumer.notifier.SequenceTracker" depends-on="dispatchConfig">
        <property name="notificationNode" value="${gridWebService.notifier.isNotificationNode}" />
        <property name="serviceStateClient" ref="serviceStateClient"/>
        <property name="typeBeingTracked" ref="notifierConverters" />
        <property name="ownerId" value="${combine.commons.default.ownerid}" />
        <property name="persisterHeartbeat" value="${gridWebService.notifier.sequenceTracker.heartbeatsec}" />
    </bean>

    <!-- AWS Settings / Publisher -->
    <bean id="awsCredentialsProvider" class="com.amazonaws.internal.StaticCredentialsProvider">
        <constructor-arg>
            <bean id="basicAwsCredentials" class="com.amazonaws.auth.BasicAWSCredentials">
                <constructor-arg index="0" type="java.lang.String">
                    <bean class="com.theplatform.contrib.module.crypto.aes.PasswordAesDecryptingFactoryBean">
                        <constructor-arg value="${gridWebService.sns.credentials.accessKey.encrypted}" />
                    </bean>
                </constructor-arg>
                <constructor-arg index="1" type="java.lang.String" >
                    <bean class="com.theplatform.contrib.module.crypto.aes.PasswordAesDecryptingFactoryBean">
                        <constructor-arg value="${gridWebService.sns.credentials.secretKey.encrypted}" />
                    </bean>
                </constructor-arg>
            </bean>
        </constructor-arg>
    </bean>
    <bean id="awsClientConfiguration" class="com.amazonaws.ClientConfiguration">
        <property name="proxyHost" value="${gridWebService.sns.proxy.host}"/>
        <property name="proxyPort" value="${gridWebService.sns.proxy.port}"/>
    </bean>
    <bean id="awsRegion" class="org.springframework.beans.factory.config.MethodInvokingFactoryBean">
        <property name="targetClass" value="com.amazonaws.regions.RegionUtils"/>
        <property name="targetMethod" value="getRegion"/>
        <property name="arguments">
            <list>
                <value>${gridWebService.sns.region}</value>
            </list>
        </property>
    </bean>
    <bean id="amazonSNSClient" class="com.amazonaws.services.sns.AmazonSNSAsyncClient">
        <constructor-arg index="0" ref="awsCredentialsProvider" />
        <constructor-arg index="1" ref="awsClientConfiguration" />
        <property name="region" ref="awsRegion" />
    </bean>
    <bean id="awsPublisher" class="com.theplatform.web.tv.gws.ingest.consumer.notifier.publisher.AwsPublisher" init-method="init">
        <property name="notificationNode" value="${gridWebService.notifier.isNotificationNode}" />
        <property name="amazonSNSClient" ref="amazonSNSClient" />
        <property name="notificationTopic" ref="typeToTopicMap" />
        <property name="sequenceTracker" ref="sequenceTracker" />
        <property name="dynamicProperties" ref="dynamicProperties" />
    </bean>


</beans>