<?xml version="1.0" encoding="UTF-8"?>
<beans xmlns="http://www.springframework.org/schema/beans"
       xmlns:xsi="http://www.w3.org/2001/XMLSchema-instance"
       xmlns:util="http://www.springframework.org/schema/util"
       xsi:schemaLocation=
               "http://www.springframework.org/schema/beans http://www.springframework.org/schema/beans/spring-beans.xsd
               http://www.springframework.org/schema/util http://www.springframework.org/schema/util/spring-util.xsd">

    <!-- Define Object Type -->
    <bean id="companySiriusObjectType" class="com.comcast.merlin.sirius.model.SiriusObjectType"
          factory-method="register">
        <constructor-arg index="0" value="Company" />
        <constructor-arg index="1" type="java.lang.Class" value="com.theplatform.data.tv.linear.api.data.objects.Company"/>
        <constructor-arg index="2" type="com.theplatform.data.tv.ingest.type.MerlinEntityType" value="COMPANY"/>
    </bean>

    <!-- **** Specify - Long repositories;  See spring-repository.xml -->
    <bean id="companyRepository" class="com.theplatform.web.tv.gws.sirius.repository.CompanyRepository">
        <constructor-arg index="0" ref="companySiriusObjectType" />
    </bean>

    <bean id="companySerializer" class="com.theplatform.web.tv.gws.sirius.serializer.CompanySerializer">
        <constructor-arg index="0" ref="companySiriusObjectType"/>
    </bean>

    <bean id="companyConverter" class="com.theplatform.web.tv.gws.sirius.converter.CompanyConverter">
        <property name="siriusObjectType" ref="companySiriusObjectType"/>
    </bean>

    <bean id="companyEndpoint" class="com.comcast.merlin.sirius.model.DataServiceSiriusEndpoint">
        <constructor-arg index="0" ref="companySerializer"/>
        <constructor-arg index="1" ref="companyConverter"/>
        <constructor-arg index="2" ref="companyRepository"/>
    </bean>

    <!-- **** Specify Listeners; See spring-dataservice.xml -->
    <bean id="offerCompanyListener" parent="abstractSiriusNotificationListener">
        <property name="clientFacade" ref="companyClientFacade"/>
    </bean>

    <bean id="companyClient" parent="linearDataServiceClient" class="com.theplatform.data.tv.linear.api.client.CompanyClient"/>

    <bean id="companyNotificationClient" depends-on="companySiriusObjectType"
          factory-bean="clientFactory" factory-method="newDataServiceNotificationClient">
        <constructor-arg ref="companyClient"/>
    </bean>

    <bean id="companyClientFacade" factory-bean="clientFactory" factory-method="newClientFacade">
        <constructor-arg>
            <bean class="com.comcast.merlin.sirius.ingest.producer.dataservice.client.ClientFactoryConfig">
                <property name="dataServiceClient" ref="companyClient"/>
                <property name="dataServiceNotificationClient" ref="companyNotificationClient"/>
                <property name="fields">
                    <util:list value-type="java.lang.String">
                        <value>id</value>
                        <value>updated</value>
                        <value>version</value>
                        <value>displayName</value>
                        <value>title</value>
                    </util:list>
                </property>
            </bean>
        </constructor-arg>
    </bean>
</beans>
