<?xml version="1.0" encoding="UTF-8"?>
<beans xmlns="http://www.springframework.org/schema/beans"
       xmlns:xsi="http://www.w3.org/2001/XMLSchema-instance"
       xmlns:util="http://www.springframework.org/schema/util"
       xsi:schemaLocation=
               "http://www.springframework.org/schema/beans http://www.springframework.org/schema/beans/spring-beans.xsd
               http://www.springframework.org/schema/util http://www.springframework.org/schema/util/spring-util.xsd">

    <!-- Define Object Type -->
    <bean id="serviceStateSiriusObjectType" class="com.comcast.merlin.sirius.model.SiriusObjectType"
          factory-method="register">
        <constructor-arg index="0" value="ServiceState" />
        <constructor-arg index="1" type="java.lang.Class" value="com.theplatform.data.commons.job.api.data.objects.ServiceState"/>
        <constructor-arg index="2" type="com.theplatform.data.tv.ingest.type.MerlinEntityType" value="SERVICESTATE"/>
        <constructor-arg index="3" >
            <null/>
        </constructor-arg>
    </bean>

    <!-- **** Specify - Long repositories;  See spring-repository.xml -->
    <bean id="serviceStateRepository" class="com.theplatform.web.tv.gws.sirius.repository.ServiceStateRepository">
        <constructor-arg index="0" ref="serviceStateSiriusObjectType" />
    </bean>

    <bean id="serviceStateSerializer" class="com.theplatform.web.tv.gws.sirius.serializer.ServiceStateSerializer">
        <constructor-arg index="0" ref="serviceStateSiriusObjectType"/>
    </bean>

    <bean id="serviceStateConverter" class="com.theplatform.web.tv.gws.sirius.converter.ServiceStateConverter">
        <property name="siriusObjectType" ref="serviceStateSiriusObjectType"/>
    </bean>

    <bean id="serviceStateEndpoint" class="com.comcast.merlin.sirius.model.DataServiceSiriusEndpoint">
        <constructor-arg index="0" ref="serviceStateSerializer"/>
        <constructor-arg index="1" ref="serviceStateConverter"/>
        <constructor-arg index="2" ref="serviceStateRepository"/>
    </bean>

    <!-- **** Specify Listeners; See spring-dataservice.xml -->
    <bean id="jobServiceStateListener" parent="abstractSiriusNotificationListener">
        <property name="clientFacade" ref="serviceStateClientFacade"/>
    </bean>

    <bean id="serviceStateClient" parent="jobDataServiceClient" class="com.theplatform.data.commons.job.api.client.ServiceStateClient"/>

    <bean id="serviceStateNotificationClient" depends-on="serviceStateSiriusObjectType"
          factory-bean="clientFactory" factory-method="newDataServiceNotificationClient">
        <constructor-arg ref="serviceStateClient"/>
    </bean>

    <bean id="serviceStateClientFacade" factory-bean="clientFactory" factory-method="newClientFacade">
        <constructor-arg>
            <bean class="com.comcast.merlin.sirius.ingest.producer.dataservice.client.ClientFactoryConfig">
                <property name="dataServiceClient" ref="serviceStateClient"/>
                <property name="dataServiceNotificationClient" ref="serviceStateNotificationClient"/>
                <property name="fields">
                    <util:list value-type="java.lang.String">
                        <value>id</value>
                        <value>service</value>
                        <value>context</value>
                        <value>state</value>
                    </util:list>
                </property>
                <property name="queries">
                    <util:list value-type="com.theplatform.data.api.client.query.Query">
                        <!-- Empty list to override the default which checks for AA MerlinResourceType.  You should NOT
                             normally define this empty list unless you are working with JobDS since it doesn't
                             support this query like the other Merlin DS.
                        -->
                    </util:list>
                </property>
            </bean>
        </constructor-arg>
    </bean>
</beans>
