<?xml version="1.0" encoding="UTF-8"?>
<beans xmlns="http://www.springframework.org/schema/beans"
       xmlns:xsi="http://www.w3.org/2001/XMLSchema-instance"
       xmlns:util="http://www.springframework.org/schema/util"
       xsi:schemaLocation=
               "http://www.springframework.org/schema/beans http://www.springframework.org/schema/beans/spring-beans.xsd
               http://www.springframework.org/schema/util http://www.springframework.org/schema/util/spring-util.xsd">

    <!-- Define Object Type -->
    <bean id="availabilityTagSiriusObjectType" class="com.comcast.merlin.sirius.model.SiriusObjectType"
          factory-method="register">
        <constructor-arg index="0" value="AvailabilityTag" />
        <constructor-arg index="1" type="java.lang.Class" value="com.theplatform.data.tv.offer.api.data.objects.AvailabilityTag"/>
        <constructor-arg index="2" type="com.theplatform.data.tv.ingest.type.MerlinEntityType" value="AVAILABILITYTAG"/>
    </bean>

    <!-- **** Specify - Long repositories;  See spring-repository.xml -->
    <bean id="availabilityTagRepository" class="com.theplatform.web.tv.gws.sirius.repository.AvailabilityTagRepository">
        <constructor-arg index="0" ref="availabilityTagSiriusObjectType" />
    </bean>

    <bean id="availabilityTagSerializer" class="com.theplatform.web.tv.gws.sirius.serializer.AvailabilityTagSerializer">
        <constructor-arg index="0" ref="availabilityTagSiriusObjectType"/>
    </bean>

    <bean id="availabilityTagConverter" class="com.theplatform.web.tv.gws.sirius.converter.AvailabilityTagConverter">
        <property name="siriusObjectType" ref="availabilityTagSiriusObjectType"/>
    </bean>

    <bean id="availabilityTagEndpoint" class="com.comcast.merlin.sirius.model.DataServiceSiriusEndpoint">
        <constructor-arg index="0" ref="availabilityTagSerializer"/>
        <constructor-arg index="1" ref="availabilityTagConverter"/>
        <constructor-arg index="2" ref="availabilityTagRepository"/>
    </bean>

    <!-- **** Specify Listeners; See spring-dataservice.xml -->
    <bean id="offerAvailabilityTagListener" parent="abstractSiriusNotificationListener">
        <property name="clientFacade" ref="availabilityTagClientFacade"/>
    </bean>

    <bean id="availabilityTagClient" parent="offerDataServiceClient" class="com.theplatform.data.tv.offer.api.client.AvailabilityTagClient"/>

    <bean id="availabilityTagNotificationClient" depends-on="availabilityTagSiriusObjectType"
          factory-bean="clientFactory" factory-method="newDataServiceNotificationClient">
        <constructor-arg ref="availabilityTagClient"/>
    </bean>

    <bean id="availabilityTagClientFacade" factory-bean="clientFactory" factory-method="newClientFacade">
        <constructor-arg>
            <bean class="com.comcast.merlin.sirius.ingest.producer.dataservice.client.ClientFactoryConfig">
                <property name="dataServiceClient" ref="availabilityTagClient"/>
                <property name="dataServiceNotificationClient" ref="availabilityTagNotificationClient"/>
                <property name="fields">
                    <util:list value-type="java.lang.String">
                        <value>id</value>
                        <value>updated</value>
                        <value>version</value>
                        <value>national</value>
                        <value>ownerId</value>
                    </util:list>
                </property>
            </bean>
        </constructor-arg>
    </bean>
</beans>
