<?xml version="1.0" encoding="UTF-8"?>
<beans xmlns="http://www.springframework.org/schema/beans"
       xmlns:xsi="http://www.w3.org/2001/XMLSchema-instance"
       xmlns:util="http://www.springframework.org/schema/util"
       xsi:schemaLocation=
               "http://www.springframework.org/schema/beans http://www.springframework.org/schema/beans/spring-beans.xsd
               http://www.springframework.org/schema/util http://www.springframework.org/schema/util/spring-util.xsd">

    <!-- Define Object Type -->
    <bean id="channelSiriusObjectType" class="com.comcast.merlin.sirius.model.SiriusObjectType"
          factory-method="register">
        <constructor-arg index="0" value="Channel" />
        <constructor-arg index="1" type="java.lang.Class" value="com.theplatform.data.tv.linear.api.data.objects.Channel"/>
        <constructor-arg index="2" type="com.theplatform.data.tv.ingest.type.MerlinEntityType" value="CHANNEL"/>
    </bean>

    <!-- **** Specify - Long repositories;  See spring-repository.xml -->
    <bean id="channelRepository" class="com.theplatform.web.tv.gws.sirius.repository.ChannelRepository">
        <constructor-arg index="0" ref="channelSiriusObjectType" />
        <constructor-arg value="${sirius.repository.channel.count}"/>
        <property name="taggingProductContextTitles" value="${gridWebService.productContext.tagging.titles}" />
        <property name="displayPropertiesHiddenChannel" value="${gridWebService.hiddenChannel.displayProperties}"/>
        <property name="syntheticChannelWhitelistLocationId" value="${gridWebService.ono.whitelist.location.id}"/>
    </bean>

    <bean id="channelSerializer" class="com.theplatform.web.tv.gws.sirius.serializer.ChannelSerializer">
        <constructor-arg index="0" ref="channelSiriusObjectType"/>
        <constructor-arg index="1" ref="productContextCanonicalIdsFactory"/>
    </bean>

    <bean id="channelConverter" class="com.theplatform.web.tv.gws.sirius.converter.ChannelConverter">
        <property name="siriusObjectType" ref="channelSiriusObjectType"/>
        <property name="productContextCanonicalIdsFactory" ref="productContextCanonicalIdsFactory"/>
    </bean>

    <bean id="channelEndpoint" class="com.comcast.merlin.sirius.model.DataServiceSiriusEndpoint">
        <constructor-arg index="0" ref="channelSerializer"/>
        <constructor-arg index="1" ref="channelConverter"/>
        <constructor-arg index="2" ref="channelRepository"/>
    </bean>

    <!-- **** Specify Listeners; See spring-dataservice.xml -->
    <bean id="linearChannelListener" parent="abstractSiriusNotificationListener">
        <property name="clientFacade" ref="channelClientFacade"/>
    </bean>

    <bean id="channelClient" parent="linearDataServiceClient" class="com.theplatform.data.tv.linear.api.client.ChannelClient"/>

    <bean id="channelNotificationClient" depends-on="channelSiriusObjectType"
          factory-bean="clientFactory" factory-method="newDataServiceNotificationClient">
        <constructor-arg ref="channelClient"/>
    </bean>

    <bean id="channelClientFacade" factory-bean="clientFactory" factory-method="newClientFacade">
        <constructor-arg>
            <bean class="com.comcast.merlin.sirius.ingest.producer.dataservice.client.ClientFactoryConfig">
                <property name="dataServiceClient" ref="channelClient"/>
                <property name="dataServiceNotificationClient" ref="channelNotificationClient"/>
                <property name="fields">
                    <util:list value-type="java.lang.String">
                        <value>id</value>
                        <value>updated</value>
                        <value>version</value>
                        <value>digicableId</value>
                        <value>stationId</value>
                        <value>locationId</value>
                        <value>channelNumber</value>
                        <value>ownerId</value>
                        <value>sdv</value>
                        <value>sdvTimeout</value>
                        <value>onScreenCallsign</value>
                        <value>emergencyAlertSystemType</value>
                        <value>sortIndexPolicy</value>
                        <value>displayPolicies</value>
                        <value>ipDeliveryOnly</value>
                        <value>productContextIds</value>
                    </util:list>
                </property>
                <property name="requestParameters">
                    <bean id="channelRequestParameters" class="com.theplatform.data.api.client.RequestParameters">
                        <property name="parameters">
                            <util:map>
                                <entry key="seedFromStation" value="false"/>
                            </util:map>
                        </property>
                    </bean>
                </property>
            </bean>
        </constructor-arg>
    </bean>
</beans>
