<?xml version="1.0" encoding="UTF-8"?>
<beans xmlns="http://www.springframework.org/schema/beans"
       xmlns:xsi="http://www.w3.org/2001/XMLSchema-instance"
       xmlns:util="http://www.springframework.org/schema/util"
       xsi:schemaLocation=
               "http://www.springframework.org/schema/beans http://www.springframework.org/schema/beans/spring-beans.xsd
               http://www.springframework.org/schema/util http://www.springframework.org/schema/util/spring-util.xsd">

    <!-- Define Object Type -->
    <bean id="stationSiriusObjectType" class="com.comcast.merlin.sirius.model.SiriusObjectType"
          factory-method="register">
        <constructor-arg index="0" value="Station" />
        <constructor-arg index="1" type="java.lang.Class" value="com.theplatform.data.tv.linear.api.data.objects.Station"/>
        <constructor-arg index="2" type="com.theplatform.data.tv.ingest.type.MerlinEntityType" value="STATION"/>
    </bean>

    <!-- **** Specify - Long repositories;  See spring-repository.xml -->
    <bean id="stationRepository" class="com.comcast.merlin.sirius.repository.LongObjectRepository">
        <constructor-arg index="0" ref="stationSiriusObjectType" />
        <constructor-arg index="1" value="${sirius.repository.station.count}"/>
    </bean>

    <bean id="stationSerializer" class="com.theplatform.web.tv.gws.sirius.serializer.StationSerializer">
        <constructor-arg index="0" ref="stationSiriusObjectType"/>
    </bean>

    <bean id="stationConverter" class="com.theplatform.web.tv.gws.sirius.converter.StationConverter">
        <property name="siriusObjectType" ref="stationSiriusObjectType"/>
    </bean>

    <bean id="stationEndpoint" class="com.comcast.merlin.sirius.model.DataServiceSiriusEndpoint">
        <constructor-arg index="0" ref="stationSerializer"/>
        <constructor-arg index="1" ref="stationConverter"/>
        <constructor-arg index="2" ref="stationRepository"/>
    </bean>

    <!-- **** Specify Listeners; See spring-dataservice.xml -->
    <bean id="linearStationListener" parent="abstractSiriusNotificationListener">
        <property name="clientFacade" ref="stationClientFacade"/>
    </bean>

    <bean id="stationClient" parent="linearDataServiceClient" class="com.theplatform.data.tv.linear.api.client.StationClient"/>

    <bean id="stationNotificationClient" depends-on="stationSiriusObjectType"
          factory-bean="clientFactory" factory-method="newDataServiceNotificationClient">
        <constructor-arg ref="stationClient"/>
    </bean>

    <bean id="stationClientFacade" factory-bean="clientFactory" factory-method="newClientFacade">
        <constructor-arg>
            <bean class="com.comcast.merlin.sirius.ingest.producer.dataservice.client.ClientFactoryConfig">
                <property name="dataServiceClient" ref="stationClient"/>
                <property name="dataServiceNotificationClient" ref="stationNotificationClient"/>
                <property name="fields">
                    <util:list value-type="java.lang.String">
                        <value>id</value>
                        <value>updated</value>
                        <value>version</value>
                        <value>title</value>
                        <value>callsign</value>
                        <value>onScreenCallsign</value>
                        <value>timeZone</value>
                        <value>expirationDate</value>
                        <value>associatedStationId</value>
                        <value>hd</value>
                        <value>language</value>
                        <value>otaChannelNumber</value>
                        <value>payPerView</value>
                        <value>shortName</value>
                        <value>vod</value>
                        <value>digicableId</value>
                        <value>emergencyAlertSystemType</value>
                        <value>uhd</value>
                        <value>colorDepth</value>
                        <value>hdLevel</value>
                        <value>quality</value>
                        <value>qualityVariants</value>
                    </util:list>
                </property>
            </bean>
        </constructor-arg>
    </bean>
</beans>
