<?xml version="1.0" encoding="UTF-8"?>
<beans xmlns="http://www.springframework.org/schema/beans"
       xmlns:xsi="http://www.w3.org/2001/XMLSchema-instance"
       xmlns:util="http://www.springframework.org/schema/util"
       xsi:schemaLocation=
               "http://www.springframework.org/schema/beans http://www.springframework.org/schema/beans/spring-beans.xsd
               http://www.springframework.org/schema/util http://www.springframework.org/schema/util/spring-util.xsd">

    <!-- Define Object Type -->
    <bean id="programTeamAssociationSiriusObjectType" class="com.comcast.merlin.sirius.model.SiriusObjectType"
          factory-method="register">
        <constructor-arg index="0" value="ProgramTeamAssociation" />
        <constructor-arg index="1" type="java.lang.Class" value="com.theplatform.data.tv.entity.api.data.objects.ProgramTeamAssociation"/>
        <constructor-arg index="2" type="com.theplatform.data.tv.ingest.type.MerlinEntityType" value="PROGRAMTEAMASSOCIATION"/>
    </bean>

    <!-- **** Specify - Long repositories;  See spring-repository.xml -->
    <bean id="programTeamAssociationRepository" class="com.theplatform.web.tv.gws.sirius.repository.ProgramTeamAssociationRepository">
        <constructor-arg index="0" ref="programTeamAssociationSiriusObjectType" />
    </bean>

    <bean id="programTeamAssociationSerializer" class="com.theplatform.web.tv.gws.sirius.serializer.ProgramTeamAssociationSerializer">
        <constructor-arg index="0" ref="programTeamAssociationSiriusObjectType"/>
    </bean>

    <bean id="programTeamAssociationConverter" class="com.theplatform.web.tv.gws.sirius.converter.ProgramTeamAssociationConverter">
        <property name="siriusObjectType" ref="programTeamAssociationSiriusObjectType"/>
    </bean>

    <bean id="programTeamAssociationEndpoint" class="com.comcast.merlin.sirius.model.DataServiceSiriusEndpoint">
        <constructor-arg index="0" ref="programTeamAssociationSerializer"/>
        <constructor-arg index="1" ref="programTeamAssociationConverter"/>
        <constructor-arg index="2" ref="programTeamAssociationRepository"/>
    </bean>

    <!-- **** Specify Listeners; See spring-dataservice.xml -->
    <bean id="entityProgramTeamAssociationListener" parent="abstractSiriusNotificationListener">
        <property name="clientFacade" ref="programTeamAssociationClientFacade"/>
    </bean>

    <bean id="programTeamAssociationClient" parent="entityDataServiceClient" class="com.theplatform.data.tv.entity.api.client.ProgramTeamAssociationClient"/>

    <bean id="programTeamAssociationNotificationClient" depends-on="programTeamAssociationSiriusObjectType"
          factory-bean="clientFactory" factory-method="newDataServiceNotificationClient">
        <constructor-arg ref="programTeamAssociationClient"/>
    </bean>

    <bean id="programTeamAssociationClientFacade" factory-bean="clientFactory" factory-method="newClientFacade">
        <constructor-arg>
            <bean class="com.comcast.merlin.sirius.ingest.producer.dataservice.client.ClientFactoryConfig">
                <property name="dataServiceClient" ref="programTeamAssociationClient"/>
                <property name="dataServiceNotificationClient" ref="programTeamAssociationNotificationClient"/>
                <property name="fields">
                    <util:list value-type="java.lang.String">
                        <value>id</value>
                        <value>updated</value>
                        <value>version</value>
                        <value>programId</value>
                        <value>sportsTeamId</value>
                    </util:list>
                </property>
            </bean>
        </constructor-arg>
    </bean>
</beans>
