<?xml version="1.0" encoding="UTF-8"?>
<beans xmlns="http://www.springframework.org/schema/beans"
       xmlns:xsi="http://www.w3.org/2001/XMLSchema-instance"
       xmlns:util="http://www.springframework.org/schema/util"
       xsi:schemaLocation=
               "http://www.springframework.org/schema/beans http://www.springframework.org/schema/beans/spring-beans.xsd
               http://www.springframework.org/schema/util http://www.springframework.org/schema/util/spring-util.xsd">

    <!-- Define Object Type -->
    <bean id="creditSiriusObjectType" class="com.comcast.merlin.sirius.model.SiriusObjectType"
          factory-method="register">
        <constructor-arg index="0" value="Credit" />
        <constructor-arg index="1" type="java.lang.Class" value="com.theplatform.data.tv.entity.api.data.objects.Credit"/>
        <constructor-arg index="2" type="com.theplatform.data.tv.ingest.type.MerlinEntityType" value="CREDIT"/>
    </bean>

    <!-- **** Specify - Long repositories;  See spring-repository.xml -->
    <bean id="creditRepository" class="com.theplatform.web.tv.gws.sirius.repository.CreditRepository">
        <constructor-arg index="0" ref="creditSiriusObjectType" />
        <constructor-arg index="1" value="40000000"/>
        <constructor-arg index="2" value="1500000"/>
        <constructor-arg index="3" value="${sirius.repository.program.count}"/>
    </bean>

    <bean id="creditSerializer" class="com.theplatform.web.tv.gws.sirius.serializer.CreditSerializer">
        <constructor-arg index="0" ref="creditSiriusObjectType"/>
    </bean>

    <bean id="creditConverter" class="com.theplatform.web.tv.gws.sirius.converter.CreditConverter">
        <property name="siriusObjectType" ref="creditSiriusObjectType"/>
    </bean>

    <bean id="creditEndpoint" class="com.comcast.merlin.sirius.model.DataServiceSiriusEndpoint">
        <constructor-arg index="0" ref="creditSerializer"/>
        <constructor-arg index="1" ref="creditConverter"/>
        <constructor-arg index="2" ref="creditRepository"/>
    </bean>

    <!-- **** Specify Listeners; See spring-dataservice.xml -->
    <bean id="entityCreditListener" parent="abstractSiriusNotificationListener">
        <property name="clientFacade" ref="creditClientFacade"/>
    </bean>

    <bean id="creditClient" parent="entityDataServiceClient" class="com.theplatform.data.tv.entity.api.client.CreditClient"/>

    <bean id="creditNotificationClient" depends-on="creditSiriusObjectType"
          factory-bean="clientFactory" factory-method="newDataServiceNotificationClient">
        <constructor-arg ref="creditClient"/>
    </bean>

    <bean id="creditClientFacade" factory-bean="clientFactory" factory-method="newClientFacade">
        <constructor-arg>
            <bean class="com.comcast.merlin.sirius.ingest.producer.dataservice.client.ClientFactoryConfig">
                <property name="dataServiceClient" ref="creditClient"/>
                <property name="dataServiceNotificationClient" ref="creditNotificationClient"/>
                <property name="fields">
                    <util:list value-type="java.lang.String">
                        <value>id</value>
                        <value>programId</value>
                        <value>personId</value>
                    </util:list>
                </property>
            </bean>
        </constructor-arg>
    </bean>

    <bean id="creditRepositoryMaintainer" class="com.theplatform.web.tv.gws.ingest.maintainer.CreditRepositoryMaintainer">
        <constructor-arg index="0" ref="dataObjectReceiver"/>
        <constructor-arg index="1" ref="creditClientFacade"/>
        <constructor-arg index="2" ref="creditRepository"/>
        <constructor-arg index="3" ref="programRepository"/>
    </bean>

    <!--  Explicit definition of AbstractStatsFactory.  Used by status page and gap reports.  -->
    <bean class="com.theplatform.web.tv.gws.sirius.stats.CreditStatsFactory">
        <constructor-arg index="0" ref="creditSiriusObjectType"/>
        <constructor-arg index="1" ref="countProvider"/>
        <constructor-arg index="2" ref="notificationRepository"/>
        <constructor-arg index="3" ref="entityCreditListener"/>
        <constructor-arg index="4" ref="dataObjectReceiver"/>
        <constructor-arg index="5" ref="eventDispatcher"/>
        <constructor-arg index="6" ref="notificationRepositoryWriter"/>
        <constructor-arg index="7" ref="creditRepositoryMaintainer"/>
    </bean>

</beans>
