<?xml version="1.0" encoding="UTF-8"?>
<beans xmlns="http://www.springframework.org/schema/beans"
       xmlns:xsi="http://www.w3.org/2001/XMLSchema-instance"
       xmlns:util="http://www.springframework.org/schema/util"
       xsi:schemaLocation=
               "http://www.springframework.org/schema/beans http://www.springframework.org/schema/beans/spring-beans.xsd
               http://www.springframework.org/schema/util http://www.springframework.org/schema/util/spring-util.xsd">

    <!-- Define Object Type -->
    <bean id="partnerSiriusObjectType" class="com.comcast.merlin.sirius.model.SiriusObjectType"
          factory-method="register">
        <constructor-arg index="0" value="Partner" />
        <constructor-arg index="1" type="java.lang.Class" value="com.theplatform.data.tv.partner.commons.api.data.objects.Partner"/>
        <constructor-arg index="2" type="com.theplatform.data.tv.ingest.type.MerlinEntityType" value="PARTNER"/>
    </bean>

    <!-- **** Specify - Long repositories;  See spring-repository.xml -->
    <bean id="partnerRepository" class="com.theplatform.web.tv.gws.sirius.repository.PartnerRepository">
        <constructor-arg index="0" ref="partnerSiriusObjectType" />
        <constructor-arg index="1" value="${gridWebService.newproductcontextlogic.parent.ownerId}" />
    </bean>

    <bean id="partnerSerializer" class="com.theplatform.web.tv.gws.sirius.serializer.PartnerSerializer">
        <constructor-arg index="0" ref="partnerSiriusObjectType"/>
    </bean>

    <bean id="partnerConverter" class="com.theplatform.web.tv.gws.sirius.converter.PartnerConverter">
        <property name="siriusObjectType" ref="partnerSiriusObjectType"/>
    </bean>

    <bean id="partnerEndpoint" class="com.comcast.merlin.sirius.model.DataServiceSiriusEndpoint">
        <constructor-arg index="0" ref="partnerSerializer"/>
        <constructor-arg index="1" ref="partnerConverter"/>
        <constructor-arg index="2" ref="partnerRepository"/>
    </bean>

    <!-- **** Specify Listeners; See spring-dataservice.xml -->
    <bean id="linearPartnerListener" parent="abstractSiriusNotificationListener">
        <property name="clientFacade" ref="partnerClientFacade"/>
    </bean>

    <bean id="partnerClient" parent="offerDataServiceClient" class="com.theplatform.data.tv.partner.commons.api.client.PartnerClient"/>

    <bean id="partnerNotificationClient" depends-on="partnerSiriusObjectType"
          factory-bean="clientFactory" factory-method="newDataServiceNotificationClient">
        <constructor-arg ref="partnerClient"/>
    </bean>

    <bean id="partnerClientFacade" factory-bean="clientFactory" factory-method="newClientFacade">
        <constructor-arg>
            <bean class="com.comcast.merlin.sirius.ingest.producer.dataservice.client.ClientFactoryConfig">
                <property name="dataServiceClient" ref="partnerClient"/>
                <property name="dataServiceNotificationClient" ref="partnerNotificationClient"/>
                <property name="fields">
                    <util:list value-type="java.lang.String">
                        <value>id</value>
                        <value>title</value>
                        <value>internalAccountId</value>
                        <value>parentPartnerId</value>
                        <value>partnerType</value>
                        <value>nationalAvailabilityTag</value>
                    </util:list>
                </property>
            </bean>
        </constructor-arg>
    </bean>
</beans>
