<?xml version="1.0" encoding="UTF-8"?>
<beans xmlns="http://www.springframework.org/schema/beans"
       xmlns:xsi="http://www.w3.org/2001/XMLSchema-instance"
       xmlns:util="http://www.springframework.org/schema/util"
       xsi:schemaLocation=
               "http://www.springframework.org/schema/beans http://www.springframework.org/schema/beans/spring-beans.xsd
               http://www.springframework.org/schema/util http://www.springframework.org/schema/util/spring-util.xsd">

    <!-- Define Object Type -->
    <bean id="listingSiriusObjectType" class="com.comcast.merlin.sirius.model.SiriusObjectType"
          factory-method="register">
        <constructor-arg index="0" value="Listing" />
        <constructor-arg index="1" type="java.lang.Class" value="com.theplatform.data.tv.linear.api.data.objects.Listing"/>
        <constructor-arg index="2" type="com.theplatform.data.tv.ingest.type.MerlinEntityType" value="LISTING"/>
    </bean>

    <!-- **** Specify - Long repositories;  See spring-repository.xml -->
    <bean id="listingRepository" class="com.theplatform.web.tv.gws.sirius.repository.ListingRepository">
        <constructor-arg index="0" ref="listingSiriusObjectType" />
        <constructor-arg value="${sirius.repository.listing.count}"/>
        <constructor-arg value="${sirius.repository.station.count}"/>
    </bean>

    <bean id="listingSerializer" class="com.theplatform.web.tv.gws.sirius.serializer.ListingSerializer">
        <constructor-arg index="0" ref="listingSiriusObjectType"/>
    </bean>

    <bean id="listingConverter" class="com.theplatform.web.tv.gws.sirius.converter.ListingConverter">
        <property name="siriusObjectType" ref="listingSiriusObjectType"/>
    </bean>

    <bean id="listingEndpoint" class="com.comcast.merlin.sirius.model.DataServiceSiriusEndpoint">
        <constructor-arg index="0" ref="listingSerializer"/>
        <constructor-arg index="1" ref="listingConverter"/>
        <constructor-arg index="2" ref="listingRepository"/>
    </bean>

    <!-- **** Specify Listeners; See spring-dataservice.xml -->
    <bean id="linearListingListener" parent="abstractSiriusNotificationListener">
        <property name="clientFacade" ref="listingClientFacade"/>
    </bean>

    <bean id="listingClient" parent="linearDataServiceClient" class="com.theplatform.data.tv.linear.api.client.ListingClient"/>

    <bean id="listingNotificationClient" depends-on="listingSiriusObjectType"
          factory-bean="clientFactory" factory-method="newDataServiceNotificationClient">
        <constructor-arg ref="listingClient"/>
    </bean>

    <bean id="listingClientFacade" factory-bean="clientFactory" factory-method="newClientFacade">
        <constructor-arg>
            <bean class="com.comcast.merlin.sirius.ingest.producer.dataservice.client.ClientFactoryConfig">
                <property name="dataServiceClient" ref="listingClient"/>
                <property name="dataServiceNotificationClient" ref="listingNotificationClient"/>
                <property name="fields">
                    <util:list value-type="java.lang.String">
                        <value>id</value>
                        <value>updated</value>
                        <value>version</value>
                        <value>stationId</value>
                        <value>startTime</value>
                        <value>endTime</value>
                        <value>airingType</value>
                        <value>captionType</value>
                        <value>hdLevel</value>
                        <value>payPerView</value>
                        <value>descriptiveVideoService</value>
                        <value>programId</value>
                        <value>audioType</value>
                        <value>showingType</value>
                        <value>seriesId</value>
                        <value>sap</value>
                        <value>subtitled</value>
                        <value>subjectToBlackout</value>
                        <value>threeD</value>
                        <value>cci</value>
                        <value>dvrProgramId</value>
                        <value>dvrSeriesId</value>
                        <value>contentRatings</value>
                        <value>quality</value>
                        <value>colorDepth</value>
                    </util:list>
                </property>
            </bean>
        </constructor-arg>
    </bean>
</beans>
