<?xml version="1.0" encoding="UTF-8"?>
<beans xmlns="http://www.springframework.org/schema/beans"
       xmlns:xsi="http://www.w3.org/2001/XMLSchema-instance"
       xmlns:util="http://www.springframework.org/schema/util"
       xsi:schemaLocation=
               "http://www.springframework.org/schema/beans http://www.springframework.org/schema/beans/spring-beans.xsd
               http://www.springframework.org/schema/util http://www.springframework.org/schema/util/spring-util.xsd">

    <!-- Define Object Type -->
    <bean id="locationSiriusObjectType" class="com.comcast.merlin.sirius.model.SiriusObjectType"
          factory-method="register">
        <constructor-arg index="0" value="Location" />
        <constructor-arg index="1" type="java.lang.Class" value="com.theplatform.data.tv.linear.api.data.objects.Location"/>
        <constructor-arg index="2" type="com.theplatform.data.tv.ingest.type.MerlinEntityType" value="LOCATION"/>
    </bean>

    <!-- **** Specify - Long repositories;  See spring-repository.xml -->
    <bean id="locationRepository" class="com.theplatform.web.tv.gws.sirius.repository.LocationRepository">
        <constructor-arg index="0" ref="locationSiriusObjectType" />
        <constructor-arg index="1" ref="channelRepository"/>
        <constructor-arg index="2" value="${gridWebService.gracenote.location.source}" />
    </bean>

    <bean id="locationSerializer" class="com.theplatform.web.tv.gws.sirius.serializer.LocationSerializer">
        <constructor-arg index="0" ref="locationSiriusObjectType"/>
    </bean>

    <bean id="locationConverter" class="com.theplatform.web.tv.gws.sirius.converter.LocationConverter">
        <property name="siriusObjectType" ref="locationSiriusObjectType"/>
    </bean>

    <bean id="locationEndpoint" class="com.comcast.merlin.sirius.model.DataServiceSiriusEndpoint">
        <constructor-arg index="0" ref="locationSerializer"/>
        <constructor-arg index="1" ref="locationConverter"/>
        <constructor-arg index="2" ref="locationRepository"/>
    </bean>

    <!-- **** Specify Listeners; See spring-dataservice.xml -->
    <bean id="linearLocationListener" parent="abstractSiriusNotificationListener">
        <property name="clientFacade" ref="locationClientFacade"/>
    </bean>

    <bean id="locationClient" parent="linearDataServiceClient" class="com.theplatform.data.tv.linear.api.client.LocationClient"/>

    <bean id="locationNotificationClient" depends-on="locationSiriusObjectType"
          factory-bean="clientFactory" factory-method="newDataServiceNotificationClient">
        <constructor-arg ref="locationClient"/>
    </bean>

    <bean id="locationClientFacade" factory-bean="clientFactory" factory-method="newClientFacade">
        <constructor-arg>
            <bean class="com.comcast.merlin.sirius.ingest.producer.dataservice.client.ClientFactoryConfig">
                <property name="dataServiceClient" ref="locationClient"/>
                <property name="dataServiceNotificationClient" ref="locationNotificationClient"/>
                <property name="fields">
                    <util:list value-type="java.lang.String">
                        <value>id</value>
                        <value>updated</value>
                        <value>version</value>
                        <value>productContextId</value>
                        <value>locationType</value>
                        <value>ownerId</value>
                        <value>source</value>
                    </util:list>
                </property>
                <property name="queries">
                    <util:list value-type="com.theplatform.data.api.client.query.Query">
                        <bean class="com.theplatform.data.tv.linear.api.client.query.location.ByLocationType">
                            <constructor-arg name="locationType" value="ControllerLocation" />
                        </bean>
                    </util:list>
                </property>
            </bean>
        </constructor-arg>
    </bean>
</beans>
