<?xml version="1.0" encoding="UTF-8"?>
<beans xmlns="http://www.springframework.org/schema/beans"
       xmlns:xsi="http://www.w3.org/2001/XMLSchema-instance"
       xmlns:util="http://www.springframework.org/schema/util"
       xsi:schemaLocation=
               "http://www.springframework.org/schema/beans http://www.springframework.org/schema/beans/spring-beans.xsd
               http://www.springframework.org/schema/util http://www.springframework.org/schema/util/spring-util.xsd">

    <!-- Define Object Type -->
    <bean id="stationModifierSiriusObjectType" class="com.comcast.merlin.sirius.model.SiriusObjectType"
          factory-method="register">
        <constructor-arg index="0" value="StationModifier" />
        <constructor-arg index="1" type="java.lang.Class" value="com.theplatform.data.tv.linear.api.data.objects.StationModifier"/>
        <constructor-arg index="2" type="com.theplatform.data.tv.ingest.type.MerlinEntityType" value="STATIONMODIFIER"/>
    </bean>

    <!-- **** Specify - Long repositories;  See spring-repository.xml -->
    <bean id="stationModifierRepository" class="com.theplatform.web.tv.gws.sirius.repository.StationModifierRepository">
        <constructor-arg index="0" ref="stationModifierSiriusObjectType" />
    </bean>

    <bean id="stationModifierSerializer" class="com.theplatform.web.tv.gws.sirius.serializer.StationModifierFactory">
        <constructor-arg index="0" ref="stationModifierSiriusObjectType"/>
    </bean>

    <bean id="stationModifierConverter" class="com.theplatform.web.tv.gws.sirius.converter.StationModifierConverter">
        <property name="siriusObjectType" ref="stationModifierSiriusObjectType"/>
    </bean>

    <bean id="stationModifierEndpoint" class="com.comcast.merlin.sirius.model.DataServiceSiriusEndpoint">
        <constructor-arg index="0" ref="stationModifierSerializer"/>
        <constructor-arg index="1" ref="stationModifierConverter"/>
        <constructor-arg index="2" ref="stationModifierRepository"/>
    </bean>

    <!-- **** Specify Listeners; See spring-dataservice.xml -->
    <bean id="linearStationModifierListener" parent="abstractSiriusNotificationListener">
        <property name="clientFacade" ref="stationModifierClientFacade"/>
    </bean>

    <bean id="stationModifierClient" parent="linearDataServiceClient" class="com.theplatform.data.tv.linear.api.client.StationModifierClient"/>

    <bean id="stationModifierNotificationClient" depends-on="stationModifierSiriusObjectType"
          factory-bean="clientFactory" factory-method="newDataServiceNotificationClient">
        <constructor-arg ref="stationModifierClient"/>
    </bean>

    <bean id="stationModifierClientFacade" factory-bean="clientFactory" factory-method="newClientFacade">
        <constructor-arg>
            <bean class="com.comcast.merlin.sirius.ingest.producer.dataservice.client.ClientFactoryConfig">
                <property name="dataServiceClient" ref="stationModifierClient"/>
                <property name="dataServiceNotificationClient" ref="stationModifierNotificationClient"/>
                <property name="fields">
                    <util:list value-type="java.lang.String">
                        <value>id</value>
                        <value>ownerId</value>
                        <value>relatedStations</value>
                        <value>stationId</value>
                    </util:list>
                </property>
            </bean>
        </constructor-arg>
    </bean>
</beans>
