<?xml version="1.0" encoding="UTF-8"?>
<beans xmlns="http://www.springframework.org/schema/beans"
       xmlns:xsi="http://www.w3.org/2001/XMLSchema-instance"
       xmlns:util="http://www.springframework.org/schema/util"
       xsi:schemaLocation=
               "http://www.springframework.org/schema/beans http://www.springframework.org/schema/beans/spring-beans.xsd
               http://www.springframework.org/schema/util http://www.springframework.org/schema/util/spring-util.xsd">

    <!-- Define Object Type -->
    <bean id="recorderManagerSiriusObjectType" class="com.comcast.merlin.sirius.model.SiriusObjectType"
          factory-method="register">
        <constructor-arg index="0" value="RecorderManager" />
        <constructor-arg index="1" type="java.lang.Class" value="com.theplatform.data.tv.location.api.data.objects.RecorderManager"/>
        <constructor-arg index="2" type="com.theplatform.data.tv.ingest.type.MerlinEntityType" value="RECORDERMANAGER"/>
    </bean>

    <!-- **** Specify - Long repositories;  See spring-repository.xml -->
    <bean id="recorderManagerRepository" class="com.theplatform.web.tv.gws.sirius.repository.RecorderManagerRepository">
        <constructor-arg index="0" ref="recorderManagerSiriusObjectType" />
    </bean>

    <bean id="recorderManagerSerializer" class="com.theplatform.web.tv.gws.sirius.serializer.RecorderManagerSerializer">
        <constructor-arg index="0" ref="recorderManagerSiriusObjectType"/>
    </bean>

    <bean id="recorderManagerConverter" class="com.theplatform.web.tv.gws.sirius.converter.RecorderManagerConverter">
        <property name="siriusObjectType" ref="recorderManagerSiriusObjectType"/>
    </bean>

    <bean id="recorderManagerEndpoint" class="com.comcast.merlin.sirius.model.DataServiceSiriusEndpoint">
        <constructor-arg index="0" ref="recorderManagerSerializer"/>
        <constructor-arg index="1" ref="recorderManagerConverter"/>
        <constructor-arg index="2" ref="recorderManagerRepository"/>
    </bean>

    <!-- **** Specify Listeners; See spring-dataservice.xml -->
    <bean id="locationRecorderManagerListener" parent="abstractSiriusNotificationListener">
        <property name="clientFacade" ref="recorderManagerClientFacade"/>
    </bean>

    <bean id="recorderManagerClient" parent="locationDataServiceClient" class="com.theplatform.data.tv.location.api.client.RecorderManagerClient"/>

    <bean id="recorderManagerNotificationClient" depends-on="recorderManagerSiriusObjectType"
          factory-bean="clientFactory" factory-method="newDataServiceNotificationClient">
        <constructor-arg ref="recorderManagerClient"/>
    </bean>

    <bean id="recorderManagerClientFacade" factory-bean="clientFactory" factory-method="newClientFacade">
        <constructor-arg>
            <bean class="com.comcast.merlin.sirius.ingest.producer.dataservice.client.ClientFactoryConfig">
                <property name="dataServiceClient" ref="recorderManagerClient"/>
                <property name="dataServiceNotificationClient" ref="recorderManagerNotificationClient"/>
                <property name="fields">
                    <util:list value-type="java.lang.String">
                        <value>id</value>
                        <value>nativeId</value>
                        <value>regionId</value>
                        <value>type</value>
                    </util:list>
                </property>
            </bean>
        </constructor-arg>
    </bean>
</beans>
