<?xml version="1.0" encoding="UTF-8"?>
<beans xmlns="http://www.springframework.org/schema/beans"
       xmlns:xsi="http://www.w3.org/2001/XMLSchema-instance" xmlns:util="http://www.springframework.org/schema/util"
       xsi:schemaLocation="http://www.springframework.org/schema/beans http://www.springframework.org/schema/beans/spring-beans.xsd http://www.springframework.org/schema/util http://www.springframework.org/schema/util/spring-util.xsd">

    <bean id="linearCollectionSiriusObjectType" class="com.comcast.merlin.sirius.model.SiriusObjectType"
          factory-method="register">
        <constructor-arg index="0" value="LinearCollection" />
        <constructor-arg index="1" type="java.lang.Class" value="com.theplatform.data.tv.linear.api.data.objects.LinearCollection"/>
        <constructor-arg index="2" type="com.theplatform.data.tv.ingest.type.MerlinEntityType" value="LINEARCOLLECTION"/>
    </bean>

    <bean id="linearCollectionRepository" class="com.theplatform.web.tv.gws.sirius.repository.LinearCollectionRepository">
        <constructor-arg ref="linearCollectionSiriusObjectType"/>
    </bean>

    <bean id="linearCollectionSerializer" class="com.theplatform.web.tv.gws.sirius.serializer.LinearCollectionSerializer">
        <constructor-arg ref="linearCollectionSiriusObjectType"/>
    </bean>

    <bean id="linearCollectionConverter" class="com.theplatform.web.tv.gws.sirius.converter.LinearCollectionConverter">
        <property name="siriusObjectType" ref="linearCollectionSiriusObjectType"/>
    </bean>

    <bean id="linearCollectionEndpoint" class="com.comcast.merlin.sirius.model.DataServiceSiriusEndpoint">
        <constructor-arg index="0" ref="linearCollectionSerializer"/>
        <constructor-arg index="1" ref="linearCollectionConverter"/>
        <constructor-arg index="2" ref="linearCollectionRepository"/>
    </bean>

    <bean id="linearCollectionListener" parent="abstractSiriusNotificationListener">
        <property name="clientFacade" ref="linearCollectionClientFacade"/>
    </bean>

    <bean id="linearCollectionClient" parent="linearDataServiceClient" class="com.theplatform.data.tv.linear.api.client.LinearCollectionClient"/>

    <bean id="linearCollectionNotificationClient" depends-on="linearCollectionSiriusObjectType"
          factory-bean="clientFactory" factory-method="newDataServiceNotificationClient">
        <constructor-arg ref="linearCollectionClient"/>
    </bean>

    <bean id="linearCollectionClientFacade" factory-bean="clientFactory" factory-method="newClientFacade">
        <constructor-arg>
            <bean class="com.comcast.merlin.sirius.ingest.producer.dataservice.client.ClientFactoryConfig">
                <property name="dataServiceClient" ref="linearCollectionClient"/>
                <property name="dataServiceNotificationClient" ref="linearCollectionNotificationClient"/>
                <property name="fields">
                    <util:list value-type="java.lang.String">
                        <value>id</value>
                        <value>updated</value>
                        <value>version</value>
                        <value>type</value>
                        <value>linearIdMap</value>
                    </util:list>
                </property>
                <property name="queries">
                    <util:list value-type="com.theplatform.data.api.client.query.Query">
                        <bean class="com.theplatform.contrib.data.api.client.query.ByMerlinResourceType">
                            <constructor-arg name="merlinResourceType" value="AudienceAvailable"/>
                        </bean>
                        <bean class="com.theplatform.data.tv.linear.api.client.query.linearcollection.ByType">
                            <constructor-arg value="VideoQualityVariants"/>
                        </bean>
                    </util:list>
                </property>
            </bean>
        </constructor-arg>
    </bean>
</beans>