<?xml version="1.0" encoding="UTF-8"?>
<beans xmlns="http://www.springframework.org/schema/beans"
       xmlns:xsi="http://www.w3.org/2001/XMLSchema-instance"
       xmlns:util="http://www.springframework.org/schema/util"
       xsi:schemaLocation=
               "http://www.springframework.org/schema/beans http://www.springframework.org/schema/beans/spring-beans.xsd
               http://www.springframework.org/schema/util http://www.springframework.org/schema/util/spring-util.xsd">

    <!-- Define Object Type -->
    <bean id="locatorSiriusObjectType" class="com.comcast.merlin.sirius.model.SiriusObjectType"
          factory-method="register">
        <constructor-arg index="0" value="Locator" />
        <constructor-arg index="1" type="java.lang.Class" value="com.theplatform.data.tv.linear.api.data.objects.Locator"/>
        <constructor-arg index="2" type="com.theplatform.data.tv.ingest.type.MerlinEntityType" value="LOCATOR"/>
    </bean>

    <!-- **** Specify - Long repositories;  See spring-repository.xml -->
    <bean id="locatorRepository" class="com.theplatform.web.tv.gws.sirius.repository.LocatorRepository">
        <constructor-arg index="0" ref="locatorSiriusObjectType" />
    </bean>

    <bean id="locatorSerializer" class="com.theplatform.web.tv.gws.sirius.serializer.LocatorSerializer">
        <constructor-arg index="0" ref="locatorSiriusObjectType"/>
    </bean>

    <bean id="locatorConverter" class="com.theplatform.web.tv.gws.sirius.converter.LocatorConverter">
        <property name="siriusObjectType" ref="locatorSiriusObjectType"/>
    </bean>

    <bean id="locatorEndpoint" class="com.comcast.merlin.sirius.model.DataServiceSiriusEndpoint">
        <constructor-arg index="0" ref="locatorSerializer"/>
        <constructor-arg index="1" ref="locatorConverter"/>
        <constructor-arg index="2" ref="locatorRepository"/>
    </bean>

    <!-- **** Specify Listeners; See spring-dataservice.xml -->
    <bean id="linearLocatorListener" parent="abstractSiriusNotificationListener">
        <property name="clientFacade" ref="locatorClientFacade"/>
    </bean>

    <bean id="locatorClient" parent="linearDataServiceClient" class="com.theplatform.data.tv.linear.api.client.LocatorClient"/>

    <bean id="locatorNotificationClient" depends-on="locatorSiriusObjectType"
          factory-bean="clientFactory" factory-method="newDataServiceNotificationClient">
        <constructor-arg ref="locatorClient"/>
    </bean>

    <bean id="locatorClientFacade" factory-bean="clientFactory" factory-method="newClientFacade">
        <constructor-arg>
            <bean class="com.comcast.merlin.sirius.ingest.producer.dataservice.client.ClientFactoryConfig">
                <property name="dataServiceClient" ref="locatorClient"/>
                <property name="dataServiceNotificationClient" ref="locatorNotificationClient"/>
                <property name="fields">
                    <util:list value-type="java.lang.String">
                        <value>id</value>
                        <value>updated</value>
                        <value>version</value>
                        <value>ownerId</value>
                        <value>format</value>
                        <value>locatorURI</value>
                        <value>stationId</value>
                        <value>bitrate</value>
                        <value>codec</value>
                        <value>digiCableId</value>
                        <value>height</value>
                        <value>width</value>
                        <value>protectionScheme</value>
                        <value>quality</value>
                        <value>streamId</value>
                        <value>type</value>
                        <value>provider</value>
                        <value>externalStreamId</value>
                        <value>playerConfig</value>
                        <value>namespaceId</value>
                    </util:list>
                </property>
            </bean>
        </constructor-arg>
    </bean>
</beans>
