<?xml version="1.0" encoding="UTF-8"?>
<beans xmlns="http://www.springframework.org/schema/beans"
       xmlns:xsi="http://www.w3.org/2001/XMLSchema-instance"
       xmlns:util="http://www.springframework.org/schema/util"
       xsi:schemaLocation=
               "http://www.springframework.org/schema/beans http://www.springframework.org/schema/beans/spring-beans.xsd
               http://www.springframework.org/schema/util http://www.springframework.org/schema/util/spring-util.xsd">

    <!-- Define Object Type -->
    <bean id="stationTakedownSiriusObjectType" class="com.comcast.merlin.sirius.model.SiriusObjectType"
          factory-method="register">
        <constructor-arg index="0" value="StationTakedown" />
        <constructor-arg index="1" type="java.lang.Class" value="com.theplatform.data.tv.linear.api.data.objects.StationTakedown"/>
        <constructor-arg index="2" type="com.theplatform.data.tv.ingest.type.MerlinEntityType" value="STATIONTAKEDOWN"/>
    </bean>

    <!-- **** Specify - Long repositories;  See spring-repository.xml -->
    <bean id="stationTakedownRepository" class="com.theplatform.web.tv.gws.sirius.repository.StationTakedownRepository">
        <constructor-arg index="0" ref="stationTakedownSiriusObjectType" />
    </bean>

    <bean id="stationTakedownSerializer" class="com.theplatform.web.tv.gws.sirius.serializer.StationTakedownSerializer">
        <constructor-arg index="0" ref="stationTakedownSiriusObjectType"/>
    </bean>

    <bean id="stationTakedownConverter" class="com.theplatform.web.tv.gws.sirius.converter.StationTakedownConverter">
        <property name="siriusObjectType" ref="stationTakedownSiriusObjectType"/>
    </bean>

    <bean id="stationTakedownEndpoint" class="com.comcast.merlin.sirius.model.DataServiceSiriusEndpoint">
        <constructor-arg index="0" ref="stationTakedownSerializer"/>
        <constructor-arg index="1" ref="stationTakedownConverter"/>
        <constructor-arg index="2" ref="stationTakedownRepository"/>
    </bean>

    <!-- **** Specify Listeners; See spring-dataservice.xml -->
    <bean id="linearStationTakedownListener" parent="abstractSiriusNotificationListener">
        <property name="clientFacade" ref="stationTakedownClientFacade"/>
    </bean>

    <bean id="stationTakedownClient" parent="linearDataServiceClient" class="com.theplatform.data.tv.linear.api.client.StationTakedownClient"/>

    <bean id="stationTakedownNotificationClient" depends-on="stationTakedownSiriusObjectType"
          factory-bean="clientFactory" factory-method="newDataServiceNotificationClient">
        <constructor-arg ref="stationTakedownClient"/>
    </bean>

    <bean id="stationTakedownClientFacade" factory-bean="clientFactory" factory-method="newClientFacade">
        <constructor-arg>
            <bean class="com.comcast.merlin.sirius.ingest.producer.dataservice.client.ClientFactoryConfig">
                <property name="dataServiceClient" ref="stationTakedownClient"/>
                <property name="dataServiceNotificationClient" ref="stationTakedownNotificationClient"/>
                <property name="fields">
                    <util:list value-type="java.lang.String">
                        <value>id</value>
                        <value>ownerId</value>
                        <value>expirationDate</value>
                        <value>stationId</value>
                        <value>placeholderStationId</value>
                        <value>locationId</value>
                    </util:list>
                </property>
            </bean>
        </constructor-arg>
    </bean>
</beans>
