<?xml version="1.0" encoding="UTF-8"?>
<beans xmlns="http://www.springframework.org/schema/beans"
       xmlns:xsi="http://www.w3.org/2001/XMLSchema-instance"
       xmlns:util="http://www.springframework.org/schema/util"
       xsi:schemaLocation=
               "http://www.springframework.org/schema/beans http://www.springframework.org/schema/beans/spring-beans.xsd
               http://www.springframework.org/schema/util http://www.springframework.org/schema/util/spring-util.xsd">

    <!-- Define Object Type -->
    <bean id="productContextSiriusObjectType" class="com.comcast.merlin.sirius.model.SiriusObjectType"
          factory-method="register">
        <constructor-arg index="0" value="ProductContext" />
        <constructor-arg index="1" type="java.lang.Class" value="com.theplatform.data.tv.offer.api.data.objects.ProductContext"/>
        <constructor-arg index="2" type="com.theplatform.data.tv.ingest.type.MerlinEntityType" value="PRODUCTCONTEXT"/>
    </bean>

    <!-- **** Specify - Long repositories;  See spring-repository.xml -->
    <bean id="productContextRepository" class="com.theplatform.web.tv.gws.sirius.repository.ProductContextRepository">
        <constructor-arg index="0" ref="productContextSiriusObjectType" />
        <constructor-arg index="1" ref="channelRepository" />
        <constructor-arg index="2" value="${gridWebService.productContext.tve.titles}" />
    </bean>

    <bean id="productContextSerializer" class="com.theplatform.web.tv.gws.sirius.serializer.ProductContextSerializer">
        <constructor-arg index="0" ref="productContextSiriusObjectType"/>
    </bean>

    <bean id="productContextConverter" class="com.theplatform.web.tv.gws.sirius.converter.ProductContextConverter">
        <property name="siriusObjectType" ref="productContextSiriusObjectType"/>
    </bean>

    <bean id="productContextEndpoint" class="com.comcast.merlin.sirius.model.DataServiceSiriusEndpoint">
        <constructor-arg index="0" ref="productContextSerializer"/>
        <constructor-arg index="1" ref="productContextConverter"/>
        <constructor-arg index="2" ref="productContextRepository"/>
    </bean>

    <!-- **** Specify Listeners; See spring-dataservice.xml -->
    <bean id="offerProductContextListener" parent="abstractSiriusNotificationListener">
        <property name="clientFacade" ref="productContextClientFacade"/>
    </bean>

    <bean id="productContextClient" parent="offerDataServiceClient" class="com.theplatform.data.tv.offer.api.client.ProductContextClient"/>

    <bean id="productContextNotificationClient" depends-on="productContextSiriusObjectType"
          factory-bean="clientFactory" factory-method="newDataServiceNotificationClient">
        <constructor-arg ref="productContextClient"/>
    </bean>

    <bean id="productContextClientFacade" factory-bean="clientFactory" factory-method="newClientFacade">
        <constructor-arg>
            <bean class="com.comcast.merlin.sirius.ingest.producer.dataservice.client.ClientFactoryConfig">
                <property name="dataServiceClient" ref="productContextClient"/>
                <property name="dataServiceNotificationClient" ref="productContextNotificationClient"/>
                <property name="fields">
                    <util:list value-type="java.lang.String">
                        <value>id</value>
                        <value>updated</value>
                        <value>version</value>
                        <value>title</value>
                        <value>type</value>
                    </util:list>
                </property>
            </bean>
        </constructor-arg>
    </bean>
</beans>
