<?xml version="1.0" encoding="UTF-8"?>
<beans xmlns="http://www.springframework.org/schema/beans"
       xmlns:xsi="http://www.w3.org/2001/XMLSchema-instance"
       xmlns:util="http://www.springframework.org/schema/util"
       xsi:schemaLocation=
               "http://www.springframework.org/schema/beans http://www.springframework.org/schema/beans/spring-beans.xsd
               http://www.springframework.org/schema/util http://www.springframework.org/schema/util/spring-util.xsd">

    <!-- Define Object Type -->
    <bean id="contentAvailabilitySiriusObjectType" class="com.comcast.merlin.sirius.model.SiriusObjectType"
          factory-method="register">
        <constructor-arg index="0" value="ContentAvailability" />
        <constructor-arg index="1" type="java.lang.Class" value="com.theplatform.data.tv.offer.api.data.objects.ContentAvailability"/>
        <constructor-arg index="2" type="com.theplatform.data.tv.ingest.type.MerlinEntityType" value="CONTENTAVAILABILITY"/>
    </bean>

    <!-- **** Specify - Long repositories;  See spring-repository.xml -->
    <bean id="contentAvailabilityRepository" class="com.theplatform.web.tv.gws.sirius.repository.ContentAvailabilityRepository">
        <constructor-arg index="0" ref="contentAvailabilitySiriusObjectType" />
        <constructor-arg index="1"  value="${gridWebService.newproductcontextlogic.comcastNationalAvail}" />
        <constructor-arg index="2"  value="${gridWebService.newproductcontextlogic.productContext.ctv}" />
        <constructor-arg index="3"  value="${gridWebService.newproductcontextlogic.productContext.cdvr}" />
    </bean>

    <bean id="contentAvailabilitySerializer" class="com.theplatform.web.tv.gws.sirius.serializer.ContentAvailabilitySerializer">
        <constructor-arg index="0" ref="contentAvailabilitySiriusObjectType" />
        <constructor-arg index="1" ref="productContextCanonicalIdsFactory" />
    </bean>

    <bean id="contentAvailabilityConverter" class="com.theplatform.web.tv.gws.sirius.converter.ContentAvailabilityConverter">
        <property name="siriusObjectType" ref="contentAvailabilitySiriusObjectType"/>
        <property name="productContextCanonicalIdsFactory" ref="productContextCanonicalIdsFactory"/>
    </bean>

    <bean id="contentAvailabilityEndpoint" class="com.comcast.merlin.sirius.model.DataServiceSiriusEndpoint">
        <constructor-arg index="0" ref="contentAvailabilitySerializer"/>
        <constructor-arg index="1" ref="contentAvailabilityConverter"/>
        <constructor-arg index="2" ref="contentAvailabilityRepository"/>
    </bean>

    <!-- **** Specify Listeners; See spring-dataservice.xml -->
    <bean id="offerContentAvailabilityListener" parent="abstractSiriusNotificationListener">
        <property name="clientFacade" ref="contentAvailabilityClientFacade"/>
    </bean>

    <bean id="contentAvailabilityClient" parent="offerDataServiceClient" class="com.theplatform.data.tv.offer.api.client.ContentAvailabilityClient"/>

    <bean id="contentAvailabilityNotificationClient" depends-on="contentAvailabilitySiriusObjectType"
          factory-bean="clientFactory" factory-method="newDataServiceNotificationClient">
        <constructor-arg ref="contentAvailabilityClient"/>
    </bean>

    <bean id="contentAvailabilityClientFacade" factory-bean="clientFactory" factory-method="newClientFacade">
        <constructor-arg>
            <bean class="com.comcast.merlin.sirius.ingest.producer.dataservice.client.ClientFactoryConfig">
                <property name="dataServiceClient" ref="contentAvailabilityClient"/>
                <property name="dataServiceNotificationClient" ref="contentAvailabilityNotificationClient"/>
                <property name="fields">
                    <util:list value-type="java.lang.String">
                        <value>id</value>
                        <value>updated</value>
                        <value>version</value>
                        <value>contentId</value>
                        <value>availabilityId</value>
                        <value>productContexts</value>
                        <value>ownerId</value>
                    </util:list>
                </property>
                <property name="queries">
                    <util:list value-type="com.theplatform.data.api.client.query.Query">
                        <bean class="com.theplatform.data.tv.offer.api.client.query.contentavailability.ByContentIdType">
                            <constructor-arg name="contentIdTypes">
                                <util:list value-type="java.lang.String">
                                    <value>Station</value>
                                    <value>Stream</value>
                                    <value>Locator</value>
                                </util:list>
                            </constructor-arg>
                        </bean>
                    </util:list>
                </property>
            </bean>
        </constructor-arg>
    </bean>
</beans>
