<?xml version="1.0" encoding="UTF-8"?>
<beans xmlns="http://www.springframework.org/schema/beans"
       xmlns:xsi="http://www.w3.org/2001/XMLSchema-instance"
       xmlns:util="http://www.springframework.org/schema/util"
       xsi:schemaLocation=
               "http://www.springframework.org/schema/beans http://www.springframework.org/schema/beans/spring-beans.xsd
               http://www.springframework.org/schema/util http://www.springframework.org/schema/util/spring-util.xsd">

    <!-- Define Object Type -->
    <bean id="tagSiriusObjectType" class="com.comcast.merlin.sirius.model.SiriusObjectType"
          factory-method="register">
        <constructor-arg index="0" value="EntityTag" />
        <constructor-arg index="1" type="java.lang.Class" value="com.theplatform.data.tv.entity.api.data.objects.Tag"/>
        <constructor-arg index="2" type="com.theplatform.data.tv.ingest.type.MerlinEntityType" value="TAG"/>
    </bean>

    <!-- **** Specify - Long repositories;  See spring-repository.xml -->
    <bean id="tagRepository" class="com.theplatform.web.tv.gws.sirius.repository.TagRepository">
        <constructor-arg index="0" ref="tagSiriusObjectType" />
    </bean>

    <bean id="tagSerializer" class="com.theplatform.web.tv.gws.sirius.serializer.TagSerializer">
        <constructor-arg index="0" ref="tagSiriusObjectType"/>
    </bean>

    <bean id="tagConverter" class="com.theplatform.web.tv.gws.sirius.converter.TagConverter">
        <property name="siriusObjectType" ref="tagSiriusObjectType"/>
    </bean>

    <bean id="tagEndpoint" class="com.comcast.merlin.sirius.model.DataServiceSiriusEndpoint">
        <constructor-arg index="0" ref="tagSerializer"/>
        <constructor-arg index="1" ref="tagConverter"/>
        <constructor-arg index="2" ref="tagRepository"/>
    </bean>

    <!-- **** Specify Listeners; See spring-dataservice.xml -->
    <bean id="entityTagListener" parent="abstractSiriusNotificationListener">
        <property name="clientFacade" ref="tagClientFacade"/>
    </bean>

    <bean id="tagClient" parent="entityDataServiceClient" class="com.theplatform.data.tv.entity.api.client.TagClient"/>

    <bean id="tagNotificationClient" depends-on="tagSiriusObjectType"
          factory-bean="clientFactory" factory-method="newDataServiceNotificationClient">
        <constructor-arg ref="tagClient"/>
    </bean>

    <bean id="tagClientFacade" factory-bean="clientFactory" factory-method="newClientFacade">
        <constructor-arg>
            <bean class="com.comcast.merlin.sirius.ingest.producer.dataservice.client.ClientFactoryConfig">
                <property name="dataServiceClient" ref="tagClient"/>
                <property name="dataServiceNotificationClient" ref="tagNotificationClient"/>
                <property name="fields">
                    <util:list value-type="java.lang.String">
                        <value>id</value>
                        <value>updated</value>
                        <value>version</value>
                        <value>title</value>
                        <value>type</value>
                    </util:list>
                </property>
            </bean>
        </constructor-arg>
    </bean>
</beans>
