<?xml version="1.0" encoding="UTF-8"?>
<beans xmlns="http://www.springframework.org/schema/beans"
       xmlns:xsi="http://www.w3.org/2001/XMLSchema-instance"
       xmlns:util="http://www.springframework.org/schema/util"
       xsi:schemaLocation=
               "http://www.springframework.org/schema/beans http://www.springframework.org/schema/beans/spring-beans.xsd
               http://www.springframework.org/schema/util http://www.springframework.org/schema/util/spring-util.xsd">

    <!-- Define Object Type -->
    <bean id="programSiriusObjectType" class="com.comcast.merlin.sirius.model.SiriusObjectType"
          factory-method="register">
        <constructor-arg index="0" value="Program" />
        <constructor-arg index="1" type="java.lang.Class" value="com.theplatform.data.tv.entity.api.data.objects.Program"/>
        <constructor-arg index="2" type="com.theplatform.data.tv.ingest.type.MerlinEntityType" value="PROGRAM"/>
    </bean>

    <!-- **** Specify - Long repositories;  See spring-repository.xml -->
    <bean id="programRepository" class="com.theplatform.web.tv.gws.sirius.repository.ProgramRepository">
        <constructor-arg index="0" ref="programSiriusObjectType" />
        <constructor-arg index="1" value="${sirius.repository.program.count}"/>
    </bean>

    <bean id="programSerializer" class="com.theplatform.web.tv.gws.sirius.serializer.ProgramSerializer">
        <constructor-arg index="0" ref="programSiriusObjectType"/>
   </bean>

    <bean id="programConverter" class="com.theplatform.web.tv.gws.sirius.converter.ProgramConverter">
        <property name="siriusObjectType" ref="programSiriusObjectType"/>
    </bean>

    <bean id="programEndpoint" class="com.comcast.merlin.sirius.model.DataServiceSiriusEndpoint">
        <constructor-arg index="0" ref="programSerializer"/>
        <constructor-arg index="1" ref="programConverter"/>
        <constructor-arg index="2" ref="programRepository"/>
    </bean>

    <!-- **** Specify Listeners; See spring-dataservice.xml -->
    <bean id="entityProgramListener" parent="abstractSiriusNotificationListener">
        <property name="clientFacade" ref="programClientFacade"/>
    </bean>

    <bean id="programClient" parent="entityDataServiceClient" class="com.theplatform.data.tv.entity.api.client.ProgramClient"/>

    <bean id="programNotificationClient" depends-on="programSiriusObjectType"
          factory-bean="clientFactory" factory-method="newDataServiceNotificationClient">
        <constructor-arg ref="programClient"/>
    </bean>

    <bean id="programClientFacade" factory-bean="clientFactory" factory-method="newClientFacade">
        <constructor-arg>
            <bean class="com.comcast.merlin.sirius.ingest.producer.dataservice.client.ClientFactoryConfig">
                <property name="dataServiceClient" ref="programClient"/>
                <property name="dataServiceNotificationClient" ref="programNotificationClient"/>
                <property name="fields">
                    <util:list value-type="java.lang.String">
                        <value>id</value>
                        <value>updated</value>
                        <value>version</value>
                        <value>type</value>
                        <value>title</value>
                        <value>shortTitle</value>
                        <value>category</value>
                        <value>seriesId</value>
                        <value>episodeTitle</value>
                        <value>sportsSubtitle</value>
                        <value>adult</value>
                        <value>tagIds</value>
                        <value>contentRatings</value>
                        <value>tvSeasonNumber</value>
                        <value>tvSeasonEpisodeNumber</value>
                        <value>seriesEpisodeNumber</value>
                        <value>partNumber</value>
                        <value>totalParts</value>
                        <value>language</value>
                    </util:list>
                </property>
            </bean>
        </constructor-arg>
    </bean>

    <bean id="programRepositoryMaintainer" class="com.theplatform.web.tv.gws.ingest.maintainer.ProgramRepositoryMaintainer">
        <constructor-arg index="0" ref="dataObjectReceiver"/>
        <constructor-arg index="1" ref="programClientFacade"/>
        <constructor-arg index="2" ref="programRepository"/>
        <constructor-arg index="3" ref="listingRepository"/>
    </bean>

    <!--  Explicit definitiion of AbstractStatsFactory.  Used by status page and gap reports.  -->
    <bean class="com.theplatform.web.tv.gws.sirius.stats.ProgramStatsFactory">
        <constructor-arg name="siriusObjectType" ref="programSiriusObjectType" />
        <constructor-arg name="programRepository" ref="programRepository"/>
        <constructor-arg name="listingRepository" ref="listingRepository" />
        <constructor-arg name="dataServiceNotificationListener" ref="entityProgramListener"/>
        <constructor-arg name="dataObjectReceiver" ref="dataObjectReceiver"/>
        <constructor-arg name="siriusEventDispatcher" ref="eventDispatcher"/>
        <constructor-arg name="notificationRepositoryWriter" ref="notificationRepositoryWriter"/>
        <constructor-arg name="maintainer" ref="programRepositoryMaintainer"/>
    </bean>

</beans>
