<?xml version="1.0" encoding="UTF-8"?>
<beans xmlns="http://www.springframework.org/schema/beans"
       xmlns:xsi="http://www.w3.org/2001/XMLSchema-instance"
       xmlns:util="http://www.springframework.org/schema/util"
       xsi:schemaLocation=
               "http://www.springframework.org/schema/beans http://www.springframework.org/schema/beans/spring-beans.xsd
               http://www.springframework.org/schema/util http://www.springframework.org/schema/util/spring-util.xsd">

    <!-- Define Object Type -->
    <bean id="streamNamespaceSiriusObjectType" class="com.comcast.merlin.sirius.model.SiriusObjectType"
          factory-method="register">
        <constructor-arg index="0" value="StreamNamespace" />
        <constructor-arg index="1" type="java.lang.Class" value="com.theplatform.data.tv.linear.api.data.objects.StreamNamespace"/>
        <constructor-arg index="2" type="com.theplatform.data.tv.ingest.type.MerlinEntityType" value="STREAMNAMESPACE"/>
    </bean>

    <!-- **** Specify - Long repositories;  See spring-repository.xml -->
    <bean id="streamNamespaceRepository" class="com.theplatform.web.tv.gws.sirius.repository.StreamNamespaceRepository">
        <constructor-arg index="0" ref="streamNamespaceSiriusObjectType" />
    </bean>

    <bean id="streamNamespaceSerializer" class="com.theplatform.web.tv.gws.sirius.serializer.StreamNamespaceSerializer">
        <constructor-arg index="0" ref="streamNamespaceSiriusObjectType"/>
    </bean>

    <bean id="streamNamespaceConverter" class="com.theplatform.web.tv.gws.sirius.converter.StreamNamespaceConverter">
        <property name="siriusObjectType" ref="streamNamespaceSiriusObjectType"/>
    </bean>

    <bean id="streamNamespaceEndpoint" class="com.comcast.merlin.sirius.model.DataServiceSiriusEndpoint">
        <constructor-arg index="0" ref="streamNamespaceSerializer"/>
        <constructor-arg index="1" ref="streamNamespaceConverter"/>
        <constructor-arg index="2" ref="streamNamespaceRepository"/>
    </bean>

    <!-- **** Specify Listeners; See spring-dataservice.xml -->
    <bean id="linearStreamNamespaceListener" parent="abstractSiriusNotificationListener">
        <property name="clientFacade" ref="streamNamespaceClientFacade"/>
    </bean>

    <bean id="streamNamespaceClient" parent="linearDataServiceClient" class="com.theplatform.data.tv.linear.api.client.StreamNamespaceClient"/>

    <bean id="streamNamespaceNotificationClient" depends-on="streamNamespaceSiriusObjectType"
          factory-bean="clientFactory" factory-method="newDataServiceNotificationClient">
        <constructor-arg ref="streamNamespaceClient"/>
    </bean>

    <bean id="streamNamespaceClientFacade" factory-bean="clientFactory" factory-method="newClientFacade">
        <constructor-arg>
            <bean class="com.comcast.merlin.sirius.ingest.producer.dataservice.client.ClientFactoryConfig">
                <property name="dataServiceClient" ref="streamNamespaceClient"/>
                <property name="dataServiceNotificationClient" ref="streamNamespaceNotificationClient"/>
                <property name="fields">
                    <util:list value-type="java.lang.String">
                        <value>id</value>
                        <value>title</value>
                        <value>description</value>
                    </util:list>
                </property>
            </bean>
        </constructor-arg>
    </bean>
</beans>
