<?xml version="1.0" encoding="UTF-8"?>
<beans xmlns="http://www.springframework.org/schema/beans"
       xmlns:xsi="http://www.w3.org/2001/XMLSchema-instance"
       xmlns:util="http://www.springframework.org/schema/util"
       xsi:schemaLocation=
               "http://www.springframework.org/schema/beans http://www.springframework.org/schema/beans/spring-beans.xsd
               http://www.springframework.org/schema/util http://www.springframework.org/schema/util/spring-util.xsd">

    <!-- Define Object Type -->
    <bean id="tagAssociationSiriusObjectType" class="com.comcast.merlin.sirius.model.SiriusObjectType"
          factory-method="register">
        <constructor-arg index="0" value="LinearTagAssociation" />
        <constructor-arg index="1" type="java.lang.Class" value="com.theplatform.data.tv.tag.api.data.objects.TagAssociation"/>
        <constructor-arg index="2" type="com.theplatform.data.tv.ingest.type.MerlinEntityType" value="TAGASSOCIATION"/>
    </bean>

    <!-- **** Specify - Long repositories;  See spring-repository.xml -->
    <bean id="linearTagAssociationRepository" class="com.theplatform.web.tv.gws.sirius.repository.LinearTagAssociationRepository">
        <constructor-arg index="0" ref="tagAssociationSiriusObjectType" />
    </bean>

    <bean id="tagAssociationSerializer" class="com.theplatform.web.tv.gws.sirius.serializer.TagAssociationSerializer">
        <constructor-arg index="0" ref="tagAssociationSiriusObjectType"/>
    </bean>

    <bean id="tagAssociationConverter" class="com.theplatform.web.tv.gws.sirius.converter.TagAssociationConverter">
        <property name="siriusObjectType" ref="tagAssociationSiriusObjectType"/>
    </bean>

    <bean id="tagAssociationEndpoint" class="com.comcast.merlin.sirius.model.DataServiceSiriusEndpoint">
        <constructor-arg index="0" ref="tagAssociationSerializer"/>
        <constructor-arg index="1" ref="tagAssociationConverter"/>
        <constructor-arg index="2" ref="linearTagAssociationRepository"/>
    </bean>

    <!-- **** Specify Listeners; See spring-dataservice.xml -->
    <bean id="linearTagAssociationListener" parent="abstractSiriusNotificationListener">
        <property name="clientFacade" ref="tagAssociationClientFacade"/>
    </bean>

    <bean id="tagAssociationClient" parent="linearDataServiceClient" class="com.theplatform.data.tv.tag.api.client.TagAssociationClient"/>

    <bean id="tagAssociationNotificationClient" depends-on="tagAssociationSiriusObjectType"
          factory-bean="clientFactory" factory-method="newDataServiceNotificationClient">
        <constructor-arg ref="tagAssociationClient"/>
    </bean>

    <bean id="tagAssociationClientFacade" factory-bean="clientFactory" factory-method="newClientFacade">
        <constructor-arg>
            <bean class="com.comcast.merlin.sirius.ingest.producer.dataservice.client.ClientFactoryConfig">
                <property name="dataServiceClient" ref="tagAssociationClient"/>
                <property name="dataServiceNotificationClient" ref="tagAssociationNotificationClient"/>
                <property name="fields">
                    <util:list value-type="java.lang.String">
                        <value>id</value>
                        <value>updated</value>
                        <value>version</value>
                        <value>tagId</value>
                        <value>entityId</value>
                    </util:list>
                </property>
            </bean>
        </constructor-arg>
    </bean>
</beans>
