<?xml version="1.0" encoding="UTF-8"?>
<beans xmlns="http://www.springframework.org/schema/beans"
       xmlns:xsi="http://www.w3.org/2001/XMLSchema-instance"
       xmlns:util="http://www.springframework.org/schema/util"
       xsi:schemaLocation=
               "http://www.springframework.org/schema/beans http://www.springframework.org/schema/beans/spring-beans.xsd
               http://www.springframework.org/schema/util http://www.springframework.org/schema/util/spring-util.xsd">

    <!-- Define Object Type -->
    <bean id="stationCompanySiriusObjectType" class="com.comcast.merlin.sirius.model.SiriusObjectType"
          factory-method="register">
        <constructor-arg index="0" value="StationCompany" />
        <constructor-arg index="1" type="java.lang.Class" value="com.theplatform.data.tv.linear.api.data.objects.StationCompany"/>
        <constructor-arg index="2" type="com.theplatform.data.tv.ingest.type.MerlinEntityType" value="STATIONCOMPANY"/>
    </bean>

    <!-- **** Specify - Long repositories;  See spring-repository.xml -->
    <bean id="stationCompanyRepository" class="com.theplatform.web.tv.gws.sirius.repository.StationCompanyRepository">
        <constructor-arg index="0" ref="stationCompanySiriusObjectType" />
    </bean>

    <bean id="stationCompanySerializer" class="com.theplatform.web.tv.gws.sirius.serializer.StationCompanySerializer">
        <constructor-arg index="0" ref="stationCompanySiriusObjectType"/>
    </bean>

    <bean id="stationCompanyConverter" class="com.theplatform.web.tv.gws.sirius.converter.StationCompanyConverter">
        <property name="siriusObjectType" ref="stationCompanySiriusObjectType"/>
    </bean>

    <bean id="stationCompanyEndpoint" class="com.comcast.merlin.sirius.model.DataServiceSiriusEndpoint">
        <constructor-arg index="0" ref="stationCompanySerializer"/>
        <constructor-arg index="1" ref="stationCompanyConverter"/>
        <constructor-arg index="2" ref="stationCompanyRepository"/>
    </bean>

    <!-- **** Specify Listeners; See spring-dataservice.xml -->
    <bean id="linearStationCompanyListener" parent="abstractSiriusNotificationListener">
        <property name="clientFacade" ref="stationCompanyClientFacade"/>
    </bean>

    <bean id="stationCompanyClient" parent="linearDataServiceClient" class="com.theplatform.data.tv.linear.api.client.StationCompanyClient"/>

    <bean id="stationCompanyNotificationClient" depends-on="stationCompanySiriusObjectType"
          factory-bean="clientFactory" factory-method="newDataServiceNotificationClient">
        <constructor-arg ref="stationCompanyClient"/>
    </bean>

    <bean id="stationCompanyClientFacade" factory-bean="clientFactory" factory-method="newClientFacade">
        <constructor-arg>
            <bean class="com.comcast.merlin.sirius.ingest.producer.dataservice.client.ClientFactoryConfig">
                <property name="dataServiceClient" ref="stationCompanyClient"/>
                <property name="dataServiceNotificationClient" ref="stationCompanyNotificationClient"/>
                <property name="fields">
                    <util:list value-type="java.lang.String">
                        <value>id</value>
                        <value>stationId</value>
                        <value>companyId</value>
                        <value>associationType</value>
                    </util:list>
                </property>
            </bean>
        </constructor-arg>
    </bean>
</beans>
