<?xml version="1.0" encoding="UTF-8"?>
<beans xmlns="http://www.springframework.org/schema/beans"
       xmlns:xsi="http://www.w3.org/2001/XMLSchema-instance" xmlns:util="http://www.springframework.org/schema/util"
       xsi:schemaLocation="http://www.springframework.org/schema/beans http://www.springframework.org/schema/beans/spring-beans.xsd http://www.springframework.org/schema/util http://www.springframework.org/schema/util/spring-util.xsd">

    <bean id="gameSiriusObjectType" class="com.comcast.merlin.sirius.model.SiriusObjectType"
          factory-method="register">
        <constructor-arg index="0" value="Game" />
        <constructor-arg index="1" type="java.lang.Class" value="com.theplatform.data.tv.sports.api.data.objects.Game"/>
        <constructor-arg index="2" type="com.theplatform.data.tv.ingest.type.MerlinEntityType" value="GAME"/>
        <constructor-arg index="3" >
            <null/>
        </constructor-arg>
    </bean>

    <bean id="gameRepository" class="com.theplatform.web.tv.gws.sirius.repository.GameRepository">
        <constructor-arg ref="gameSiriusObjectType"/>
        <constructor-arg value="${sirius.repository.game.count}"/>
    </bean>

    <bean id="gameSerializer" class="com.theplatform.web.tv.gws.sirius.serializer.GameSerializer">
        <constructor-arg ref="gameSiriusObjectType"/>
    </bean>

    <bean id="gameConverter" class="com.theplatform.web.tv.gws.sirius.converter.GameConverter">
        <property name="siriusObjectType" ref="gameSiriusObjectType"/>
    </bean>

    <bean id="gameEndpoint" class="com.comcast.merlin.sirius.model.DataServiceSiriusEndpoint">
        <constructor-arg index="0" ref="gameSerializer"/>
        <constructor-arg index="1" ref="gameConverter"/>
        <constructor-arg index="2" ref="gameRepository"/>
    </bean>

    <bean id="gameKafkaClient" class="com.comcast.merlin.sirius.ingest.producer.dataservice.kafka.KafkaClient">
        <constructor-arg index="0"  value="${grid.sports.kafka.bootstrapServers}"/>
        <constructor-arg index="1"  value="${grid.sports.kafka.topicName}"/>
        <constructor-arg index="2">
            <bean class="com.theplatform.contrib.data.notification.kafka.converters.CompressingKafkaMessageConverter">
                <property name="stringCompressor">
                    <bean class="com.comcast.merlin.data.util.compressor.GzipStringCompressor"/>
                </property>
            </bean>
        </constructor-arg>
    </bean>

    <bean id="gameKafkaListener" class="com.comcast.merlin.sirius.ingest.producer.dataservice.kafka.KafkaListener">
        <constructor-arg index="0" ref="gameSiriusObjectType"/>
        <constructor-arg index="1" ref="dataObjectReceiver"/>
        <constructor-arg index="2" ref="gameKafkaClient"/>
        <constructor-arg index="3">
            <bean class="com.comcast.merlin.sirius.ingest.producer.dataservice.kafka.SequencePersister">
                <constructor-arg index="0" ref="gameSiriusObjectType" />
                <constructor-arg index="1" ref="eventDispatcher" />
                <constructor-arg index="2" ref="notificationRepository" />
            </bean>
        </constructor-arg>
        <constructor-arg index="4" value="CRS"/>
    </bean>

    <bean id="gameClientFacade" factory-bean="clientFactory" factory-method="newClientFacade">
        <constructor-arg>
            <bean class="com.comcast.merlin.sirius.ingest.producer.dataservice.client.ClientFactoryConfig">
                <property name="dataServiceClient">
                    <bean parent="sportsDataServiceClient" class="com.theplatform.data.tv.sports.api.client.GameClient"/>
                </property>
                <property name="fields">
                    <util:list value-type="java.lang.String">
                        <value>id</value>
                        <value>updated</value>
                        <value>version</value>
                        <value>listingIds</value>
                        <value>liveCoverageAvailable</value>
                    </util:list>
                </property>
                <property name="queries">
                    <util:list value-type="com.theplatform.data.api.client.query.Query">
                        <!-- Empty list to override the default which checks for AA MerlinResourceType.  You should NOT
                             normally define this empty list unless you are working with SportsDS since it doesn't
                             support this query like the other Merlin DS.
                        -->
                    </util:list>
                </property>
            </bean>
        </constructor-arg>
    </bean>

</beans>
