<?xml version="1.0" encoding="UTF-8"?>
<beans xmlns="http://www.springframework.org/schema/beans"
       xmlns:xsi="http://www.w3.org/2001/XMLSchema-instance"
       xmlns:util="http://www.springframework.org/schema/util"
       xsi:schemaLocation=
               "http://www.springframework.org/schema/beans http://www.springframework.org/schema/beans/spring-beans.xsd
               http://www.springframework.org/schema/util http://www.springframework.org/schema/util/spring-util.xsd">

    <!-- Define Object Type -->
    <bean id="streamSiriusObjectType" class="com.comcast.merlin.sirius.model.SiriusObjectType"
          factory-method="register">
        <constructor-arg index="0" value="Stream" />
        <constructor-arg index="1" type="java.lang.Class" value="com.theplatform.data.tv.linear.api.data.objects.Stream"/>
        <constructor-arg index="2" type="com.theplatform.data.tv.ingest.type.MerlinEntityType" value="STREAM"/>
    </bean>

    <!-- **** Specify - Long repositories;  See spring-repository.xml -->
    <bean id="streamRepository" class="com.theplatform.web.tv.gws.sirius.repository.StreamRepository">
        <constructor-arg index="0" ref="streamSiriusObjectType" />
    </bean>

    <bean id="streamSerializer" class="com.theplatform.web.tv.gws.sirius.serializer.StreamSerializer">
        <constructor-arg index="0" ref="streamSiriusObjectType"/>
    </bean>

    <bean id="streamConverter" class="com.theplatform.web.tv.gws.sirius.converter.StreamConverter">
        <property name="siriusObjectType" ref="streamSiriusObjectType"/>
    </bean>

    <bean id="streamEndpoint" class="com.comcast.merlin.sirius.model.DataServiceSiriusEndpoint">
        <constructor-arg index="0" ref="streamSerializer"/>
        <constructor-arg index="1" ref="streamConverter"/>
        <constructor-arg index="2" ref="streamRepository"/>
    </bean>

    <!-- **** Specify Listeners; See spring-dataservice.xml -->
    <bean id="linearStreamListener" parent="abstractSiriusNotificationListener">
        <property name="clientFacade" ref="streamClientFacade"/>
    </bean>

    <bean id="streamClient" parent="linearDataServiceClient" class="com.theplatform.data.tv.linear.api.client.StreamClient"/>

    <bean id="streamNotificationClient" depends-on="streamSiriusObjectType"
          factory-bean="clientFactory" factory-method="newDataServiceNotificationClient">
        <constructor-arg ref="streamClient"/>
    </bean>

    <bean id="streamClientFacade" factory-bean="clientFactory" factory-method="newClientFacade">
        <constructor-arg>
            <bean class="com.comcast.merlin.sirius.ingest.producer.dataservice.client.ClientFactoryConfig">
                <property name="dataServiceClient" ref="streamClient"/>
                <property name="dataServiceNotificationClient" ref="streamNotificationClient"/>
                <property name="fields">
                    <util:list value-type="java.lang.String">
                        <value>id</value>
                        <value>updated</value>
                        <value>version</value>
                        <value>stationId</value>
                        <value>ownerId</value>
                        <value>isDefault</value>
                        <value>status</value>
                        <value>external</value>
                        <value>title</value>
                        <value>isDai</value>
                        <value>preferredRMType</value>
                        <value>type</value>
                        <value>serviceZoneType</value>
                        <value>travelRights</value>
                    </util:list>
                </property>
                <property name="queries">
                    <util:list value-type="com.theplatform.data.api.client.query.Query">
                        <bean class="com.theplatform.data.tv.linear.api.client.query.stream.ByDeliveryStream" >
                            <constructor-arg name="byDeliveryStream" value="true"/>
                        </bean>
                    </util:list>
                </property>
            </bean>
        </constructor-arg>
    </bean>
</beans>
