<?xml version="1.0" encoding="UTF-8"?>
<beans xmlns="http://www.springframework.org/schema/beans"
       xmlns:xsi="http://www.w3.org/2001/XMLSchema-instance"
       xmlns:util="http://www.springframework.org/schema/util"
       xsi:schemaLocation=
               "http://www.springframework.org/schema/beans http://www.springframework.org/schema/beans/spring-beans.xsd
               http://www.springframework.org/schema/util http://www.springframework.org/schema/util/spring-util.xsd">


    <!-- Define Object Type -->
    <bean id="twitterSiriusObjectType" class="com.comcast.merlin.sirius.model.SiriusObjectType"
          factory-method="registerNonMerlinObjectType"
          lazy-init="false">
        <constructor-arg index="0" value="TrendingPrograms" />
    </bean>

    <bean id="trendingProgramSerializer" class="com.theplatform.web.tv.gws.sirius.serializer.TrendingProgramsSerializer">
        <constructor-arg index="0" ref="twitterSiriusObjectType" />
    </bean>

    <bean id="trendingProgramRepository" class="com.comcast.merlin.sirius.repository.SingletonRepository" lazy-init="false">
        <constructor-arg index="0" ref="twitterSiriusObjectType" />
    </bean>

    <bean id="twitterTagEndpoint" class="com.comcast.merlin.sirius.model.SingletonSiriusEndpoint">
        <constructor-arg index="0" ref="trendingProgramSerializer"/>
        <constructor-arg index="1" ref="trendingProgramRepository"/>
    </bean>

    <bean id="twitterSettings" class="com.theplatform.web.tv.gws.ingest.producer.twitter.TwitterSettings">
        <property name="enabled" value="${gridWebService.contentResolution.twitter.enabled}" />
        <property name="apiKey" value="${gridWebService.contentResolution.twitter.APIKey}"/>
        <property name="apiSecret" value="${gridWebService.contentResolution.twitter.APISecret}"/>
        <property name="tokenURL" value="${gridWebService.contentResolution.twitter.tokenURL}"/>
        <property name="metricsURL" value="${gridWebService.contentResolution.twitter.metricsURL}"/>
        <property name="refreshIntervalSeconds" value="${gridWebService.contentResolution.twitter.refreshIntervalSeconds}" />
        <property name="topTrendThreshold" value="${gridWebService.contentResolution.twitter.topTrendThreshold}" />
        <property name="numberOfRankGroups" value="${gridWebService.contentResolution.twitter.numberOfRankGroups}" />
        <property name="scoreCutoff" value="${gridWebService.contentResolution.twitter.scoreCutoff}" />
        <property name="connectTimeoutMs" value="${grid.http.client.timeout}"/>
        <property name="socketTimeoutMs" value="${grid.http.client.timeout}"/>
        <property name="proxyHost" value="${grid.http.proxy.host}"/>
        <property name="proxyPort" value="${grid.http.proxy.port}"/>
    </bean>

    <!-- idDataService MerlinSource client.  this isn't in spring/ingest/producer/dataservice because it's only used
         internally by the Twitter stuff to convertIpLocator ids.  -->
    <bean id="merlinSourceClient" lazy-init="false" class="com.theplatform.data.tv.id.api.client.MerlinSourceClient" >
        <constructor-arg index="0" value="${grid.id.client.base.url.backoffice}"/>
        <constructor-arg index="1" ref="merlinAuthenticationClient"/>
        <constructor-arg index="2">
            <bean class="com.theplatform.data.api.client.ClientConfiguration">
                <property name="httpClient" ref="timeoutHttpClient"/>
            </bean>
        </constructor-arg>
    </bean>

    <bean id="twitterMBean" class="com.theplatform.web.tv.gws.ingest.producer.twitter.TwitterMBean">
        <property name="settings" ref="twitterSettings"/>
        <property name="twitterIngestScheduler" ref="twitterScheduler"/>
    </bean>

    <bean id="registerAlternateIdSource" class="org.springframework.beans.factory.config.MethodInvokingFactoryBean">
        <property name="targetClass" value="com.theplatform.web.tv.gws.ingest.producer.twitter.json.AlternateIdSource"/>
        <property name="targetMethod" value="init"/>
        <property name="arguments">
            <value>${gridWebService.contentResolution.twitter.jsonProviderMappings}</value>
        </property>
    </bean>

    <bean id="twitterToCrsMapper" class="com.theplatform.web.tv.gws.ingest.producer.twitter.TwitterResponseToCRSTrendingPrograms" scope="prototype">
        <property name="idHelper" ref="merlinIdHelper"/>
        <property name="merlinSourceClient" ref="merlinSourceClient"/>
        <property name="settings" ref="twitterSettings"/>
        <property name="mbean" ref="twitterMBean"/>
    </bean>

    <bean id="twitterJsonParser" class="com.theplatform.web.tv.gws.ingest.producer.twitter.json.TwitterJsonParser"/>

    <bean id="twitterClient" class="com.theplatform.web.tv.gws.ingest.producer.twitter.TwitterClient">
        <property name="jsonParser" ref="twitterJsonParser"/>
        <property name="settings" ref="twitterSettings"/>
        <property name="mbean" ref="twitterMBean"/>
    </bean>

    <bean id="twitteScoreEvaluator" class="com.theplatform.web.tv.gws.ingest.producer.twitter.ScoreEvaluator">
        <property name="settings" ref="twitterSettings"/>
    </bean>

    <bean id="twitterIngester" class="com.theplatform.web.tv.gws.ingest.producer.twitter.TwitterIngester">
        <lookup-method name="newTwitterToCrsMapper" bean="twitterToCrsMapper"/>
        <property name="twitterClient" ref="twitterClient"/>
        <property name="scoreEvaluator" ref="twitteScoreEvaluator"/>
        <property name="mbean" ref="twitterMBean"/>
        <property name="eventDispatcher" ref="eventDispatcher"/>
    </bean>

    <bean id="twitterScheduler" class="com.theplatform.web.tv.gws.ingest.producer.twitter.TwitterIngestScheduler">
        <property name="ingester" ref="twitterIngester"/>
        <property name="settings" ref="twitterSettings"/>
        <property name="mbean" ref="twitterMBean"/>
    </bean>


</beans>
