{
    "dependencies": [
        {
            "name": "ksonnet",
            "source": {
                "git": {
                    "remote": "https://github.com/ksonnet/ksonnet-lib",
                    "subdir": ""
                }
            },
            "version": "master"
        },
        {
            "name": "kubernetes-mixin",
            "source": {
                "git": {
                    "remote": "https://github.com/kubernetes-monitoring/kubernetes-mixin",
                    "subdir": ""
                }
            },
            "version": "master"
        },
        {
            "name": "grafana",
            "source": {
                "git": {
                    "remote": "https://github.com/brancz/kubernetes-grafana",
                    "subdir": "grafana"
                }
            },
            "version": "master"
        },
        {
            "name": "prometheus-operator",
            "source": {
                "git": {
                    "remote": "https://github.com/coreos/prometheus-operator",
                    "subdir": "jsonnet/prometheus-operator"
                }
            },
            "version": "master"
        },
        {
            "name": "etcd-mixin",
            "source": {
                "git": {
                    "remote": "https://github.com/coreos/etcd",
                    "subdir": "Documentation/etcd-mixin"
                }
            },
            "version": "master"
        }
    ]
}