<?xml version="1.0" encoding="UTF-8"?>
<beans xmlns="http://www.springframework.org/schema/beans"
       xmlns:xsi="http://www.w3.org/2001/XMLSchema-instance" xmlns:aop="http://www.springframework.org/schema/aop"
       xmlns:util="http://www.springframework.org/schema/util"
       xsi:schemaLocation=
               "http://www.springframework.org/schema/beans http://www.springframework.org/schema/beans/spring-beans.xsd
               http://www.springframework.org/schema/util http://www.springframework.org/schema/util/spring-util-2.5.xsd">

    <!-- Canonical Objects -->
        <bean id="productContextCanonicalIdsFactory" class="com.theplatform.web.tv.gws.sirius.repository.utils.CanonicalIdsFactory"/>

    <!-- converter -->

        <bean id="crsLocatorToLocatorInfo" class="com.theplatform.web.tv.gws.service.common.converter.CRSLocatorToLocatorInfoConverter">
            <property name="channelRepository" ref="channelRepository"/>
            <property name="stationRepository" ref="stationRepository" />
            <property name="locatorRepository" ref="locatorRepository" />
            <property name="companyRepository" ref="companyRepository" />
            <property name="streamNamespaceRepository" ref="streamNamespaceRepository" />
            <property name="stationCompanyRepository" ref="stationCompanyRepository" />
            <property name="defaultVodLocatorUrl" value="${gridWebService.default.vod.locator.url}" />
            <property name="vodLocatorUrl" value="${gridWebService.vod.locator.url}" />
            <property name="merlinIdHelper" ref="merlinIdHelper" />
        </bean>

        <bean id="crsChannelToChannelInfoConverter" class="com.theplatform.web.tv.gws.service.common.converter.CRSChannelToChannelInfoConverter">
            <property name="stationRepository" ref="stationRepository" />
            <property name="crsStationToStationInfoConverter" ref="crsStationToStationInfoConverter" />
            <property name="accountIdHelper" ref="accountIdHelper"/>
        </bean>

        <bean id="crsStationCompanyToCompanyAssociationConverter" class="com.theplatform.web.tv.gws.service.common.converter.CRSStationCompanyToCompanyAssociationConverter">
            <property name="companyRepository" ref="companyRepository"/>
        </bean>

        <bean id="crsStationToStationInfoConverter" class="com.theplatform.web.tv.gws.service.common.converter.CRSStationToStationInfoConverter">
            <property name="stationCompanyRepository" ref="stationCompanyRepository"/>
            <property name="linearTagAssociationRepository" ref="linearTagAssociationRepository" />
            <property name="crsStationCompanyToCompanyAssociationConverter" ref="crsStationCompanyToCompanyAssociationConverter" />
        </bean>

        <bean id="crsProductContextToProductContextInfoConverter" class="com.theplatform.web.tv.gws.service.common.converter.CRSProductContextToProductContextInfoConverter">
            <property name="merlinIdHelper" ref="merlinIdHelper" />
            <property name="productContextRepository" ref="productContextRepository" />
        </bean>

        <bean id="crsProgramToProgramInfoConverter" class="com.theplatform.web.tv.gws.service.common.converter.CRSProgramToProgramInfoConverter">
            <property name="merlinIdHelper" ref="merlinIdHelper" />
        </bean>

        <bean id="crsTrendingProgramToTrendingProgramConverter" class="com.theplatform.web.tv.gws.service.common.converter.CRSTrendingProgramToTrendingProgramConverter">
            <property name="programToProgramInfoConverter" ref="crsProgramToProgramInfoConverter"/>
            <property name="crsProgramRepository" ref="programRepository"/>
        </bean>

        <bean id="listingMapper" class="com.theplatform.web.tv.gws.service.common.converter.CRSListingToListingInfoConverter">
            <property name="linearTagAssociationRepository" ref="linearTagAssociationRepository" />
            <property name="programRepository" ref="programRepository" />
            <property name="gameRepository" ref="gameRepository"/>
            <property name="merlinIdHelper" ref="merlinIdHelper" />
            <property name="crsProgramToProgramInfoConverter" ref="crsProgramToProgramInfoConverter" />
            <property name="sportingEventTagId" value="${gridWebService.contentResolution.sportingEventTagId}" />
            <property name="debugHelper" ref="debugHelper" />
        </bean>
    <!-- /converter -->

    <bean id="contentResolutionMerlinDAO" class="com.theplatform.web.tv.gws.sirius.repository.SiriusMerlinDAOImpl">
        <property name="locationRepository" ref="locationRepository"/>
        <property name="channelRepository" ref="channelRepository"/>
        <property name="stationRepository" ref="stationRepository"/>
        <property name="streamRepository" ref="streamRepository"/>
        <property name="productContextRepository" ref="productContextRepository"/>
        <property name="availabilityTagRepository" ref="availabilityTagRepository"/>
        <property name="listingRepository" ref="listingRepository"/>
    </bean>

    <!-- logic -->
        <bean id="streamLogicImpl" class="com.theplatform.web.tv.gws.service.common.logic.stream.StreamLocatorLogic" >
            <property name="crsLocatorToLocatorInfoConverter" ref="crsLocatorToLocatorInfo"/>
            <property name="productContextRepository" ref="productContextRepository" />
            <property name="contentAvailabilityRepository" ref="contentAvailabilityRepository" />
            <property name="streamRepository" ref="streamRepository" />
            <property name="merlinIdHelper" ref="merlinIdHelper" />
            <property name="merlinDAO" ref="contentResolutionMerlinDAO" />
            <property name="debugHelper" ref="debugHelper" />
        </bean>

        <bean id="locatorLogic" class="com.theplatform.web.tv.gws.service.common.logic.LocatorLogic" >
            <property name="crsLocatorToLocatorInfoConverter" ref="crsLocatorToLocatorInfo"/>
            <property name="productContextRepository" ref="productContextRepository" />
            <property name="contentAvailabilityRepository" ref="contentAvailabilityRepository" />
            <property name="streamRepository" ref="streamRepository" />
            <property name="merlinIdHelper" ref="merlinIdHelper" />
            <property name="debugHelper" ref="debugHelper" />
            <property name="locatorRepository" ref="locatorRepository" />
        </bean>

        <bean id="contentAvailabilityBasedPcLogicChannelMapModifier"
              class="com.theplatform.web.tv.gws.service.common.logic.productcontext.ProductContextLogic">
            <property name="contentAvailabilityRepository" ref="contentAvailabilityRepository"/>
            <property name="availabilityTagRepository" ref="availabilityTagRepository" />
            <property name="productContextRepository" ref="productContextRepository" />
            <property name="partnerRepository" ref="partnerRepository"/>
            <property name="debugHelper" ref="debugHelper" />
            <property name="merlinIdHelper" ref="merlinIdHelper" />
            <property name="dynamicProperties" ref="dynamicProperties" />
            <property name="channelRepository" ref="channelRepository" />
        </bean>
    <!-- /logic -->

    <!-- legacy: Support for converting from the new data model (1.21+) to Legacy schemas (pre 1.21)-->

        <bean id="legacyLocatorToStreamConverter" class="com.theplatform.web.tv.gws.service.common.converter.legacy.LegacyLocatorToStreamConverter">
            <property name="debugHelper" ref="debugHelper" />
            <property name="merlinIdHelper" ref="merlinIdHelper" />
            <property name="streamRepository" ref="streamRepository" />
        </bean>

        <bean id="legacyChannelConverter" class="com.theplatform.web.tv.gws.service.common.converter.legacy.LegacyChannelConverter">
            <property name="legacyLocatorToStreamConverter" ref="legacyLocatorToStreamConverter" />
            <property name="debugHelper" ref="debugHelper" />
        </bean>

    <!-- /legacy -->


    <!-- misc -->

        <bean id="debugHelper" class="com.theplatform.web.tv.gws.service.common.debug.DebugHelper" />

        <!-- Util for determining owner-->
        <bean id="ownerUtil" class="com.theplatform.web.tv.gws.service.common.util.OwnerUtil">
            <property name="locationRepository" ref="locationRepository" />
        </bean>


    <!-- /misc -->


    <!-- Overridable Configurations -->
    <bean name="dynamicProperties" class="com.theplatform.web.tv.gws.service.common.util.DynamicProperties">
        <constructor-arg index="0" ref="serviceStateRepository"/>
        <constructor-arg index="1" ref="overriableConfigMap"/>
    </bean>
    <util:map id="overriableConfigMap">
        <!-- Cache Control Related  -->
        <entry key="cacheControl.getChannelAvailabilityIds" value="${cacheControl.getChannelAvailabilityIds}"/>
        <entry key="cacheControl.getChannelsByAvailabilityId" value="${cacheControl.getChannelsByAvailabilityId}"/>
        <entry key="cacheControl.getGrid" value="${cacheControl.getGrid}"/>
        <entry key="cacheControl.getGridByDate" value="${cacheControl.getGridByDate}"/>
        <entry key="cacheControl.getListings" value="${cacheControl.getListings}"/>
        <entry key="cacheControl.getListingsByDate" value="${cacheControl.getListingsByDate}"/>
        <entry key="cacheControl.getListingsById" value="${cacheControl.getListingsById}"/>
        <entry key="cacheControl.getListingsByPersonId" value="${cacheControl.getListingsByPersonId}"/>
        <entry key="cacheControl.getListingsBySeriesId" value="${cacheControl.getListingsBySeriesId}"/>
        <entry key="cacheControl.getListingsBySportsTeamId" value="${cacheControl.getListingsBySportsTeamId}"/>
        <entry key="cacheControl.getProductContextByStationId" value="${cacheControl.getProductContextByStationId}"/>
        <entry key="cacheControl.getStationsByIds" value="${cacheControl.getStationsByIds}"/>
        <entry key="cacheControl.getStationsByPersonId" value="${cacheControl.getStationsByPersonId}"/>
        <entry key="cacheControl.getStationsBySeriesId" value="${cacheControl.getStationsBySeriesId}"/>
        <entry key="cacheControl.getStationsBySportsTeamId" value="${cacheControl.getStationsBySportsTeamId}"/>
        <entry key="cacheControl.getStreamAvailabilityIds" value="${cacheControl.getStreamAvailabilityIds}"/>
        <entry key="cacheControl.getStreamsAvailableForMulticast" value="${cacheControl.getStreamsAvailableForMulticast}"/>
        <entry key="cacheControl.getStreamsByAvailabilityId" value="${cacheControl.getStreamsByAvailabilityId}"/>
        <entry key="cacheControl.getStreamsById" value="${cacheControl.getStreamsById}"/>
        <entry key="cacheControl.getStreamsByRegion" value="${cacheControl.getStreamsByRegion}"/>
        <entry key="cacheControl.resolveChannels" value="${cacheControl.resolveChannels}"/>
        <entry key="cacheControl.resolveStations" value="${cacheControl.resolveStations}"/>

        <!-- Minimium Schema for backend and frontend -->
        <entry key="gridWebService.frontend.schema.minimum" value="${gridWebService.frontend.schema.minimum}"/>

        <!-- Notifier ack enable/disable -->
        <entry key="gridWebService.notifier.ack.enabled" value="${gridWebService.notifier.ack.enabled}"/>

        <!-- Filter out Gracenote Locations for getChannelAvailabilityIds -->
        <entry key="gridWebService.gracenote.location.filter.enabled" value="${gridWebService.gracenote.location.filter.enabled}"/>

        <!-- Enable PhaseII new PC logic for CTV and CDVR -->
        <entry key="gridWebService.newproductcontextlogic.phase2.ctv.enabled"  value="${gridWebService.newproductcontextlogic.phase2.ctv.enabled}"/>
        <entry key="gridWebService.newproductcontextlogic.phase2.cdvr.enabled" value="${gridWebService.newproductcontextlogic.phase2.cdvr.enabled}"/>

        <!-- Enable Use of Channel ProductContext in PC Logic -->
        <entry key="gridWebService.newproductcontextlogic.productContext.channels.enabled" value="${gridWebService.newproductcontextlogic.productContext.channels.enabled}"/>

        <!-- Enable OnO Logic -->
        <entry key="gridWebService.ono.synthetic.enabled" value="${gridWebService.ono.synthetic.enabled}"/>

        <!-- Enable looking up Locator/Streams by matching Stream Scope to Locator CAs.  Otherwise we will use Stream CAs -->
        <entry key="gridWebService.locatorca.enabled" value="${gridWebService.locatorca.enabled}"/>

        <!-- Enable the Twitter trending API.  When off it will just return an empty object.  Note, this does not impact the ingest. -->
        <entry key="gridWebService.contentResolution.twitter.api.enabled" value="${gridWebService.contentResolution.twitter.api.enabled}"/>

    </util:map>
</beans>