<?xml version="1.0" encoding="UTF-8"?>
<beans xmlns="http://www.springframework.org/schema/beans"
       xmlns:xsi="http://www.w3.org/2001/XMLSchema-instance"
       xsi:schemaLocation="http://www.springframework.org/schema/beans http://www.springframework.org/schema/beans/spring-beans.xsd">


    <bean id="contentResolutionServiceImpl_1_18" class="com.theplatform.web.tv.gws.service.contentresolution.legacy.ContentResolutionServiceImpl_1_18">
        <property name="contentResolutionService" ref="contentResolutionServiceImpl_1_19"/>
    </bean>

    <bean id="contentResolutionServiceImpl_1_19" class="com.theplatform.web.tv.gws.service.contentresolution.legacy.ContentResolutionServiceImpl_1_19">
        <property name="contentResolutionService" ref="contentResolutionServiceImpl_1_20"/>
    </bean>

    <bean id="contentResolutionServiceImpl_1_20" class="com.theplatform.web.tv.gws.service.contentresolution.legacy.ContentResolutionServiceImpl_1_20">
        <property name="contentResolutionService" ref="contentResolutionServiceImpl_1_21"/>
        <property name="legacyChannelConverter" ref="legacyChannelConverter" />
    </bean>

    <bean id="contentResolutionServiceImpl_1_21" class="com.theplatform.web.tv.gws.service.contentresolution.legacy.ContentResolutionServiceImpl_1_21">
        <property name="contentResolutionService" ref="contentResolutionServiceImpl_1_22"/>
    </bean>

    <bean id="contentResolutionServiceImpl_1_22" class="com.theplatform.web.tv.gws.service.contentresolution.legacy.ContentResolutionServiceImpl_1_22">
        <property name="contentResolutionService" ref="contentResolutionServiceImpl_1_23"/>
    </bean>

    <bean id="contentResolutionServiceImpl_1_23" class="com.theplatform.web.tv.gws.service.contentresolution.legacy.ContentResolutionServiceImpl_1_23">
        <!-- 1_23 extends 1_24 and should have the same contentResolutionService as 1_24-->
        <property name="contentResolutionService" ref="contentResolutionServiceImpl_1_25" />
        <property name="episodesHelper" ref="legacyEpisodesHelper"/>
        <property name="crsProgramToProgramInfoConverter" ref="crsProgramToProgramInfoConverter"/>
    </bean>

    <bean id="contentResolutionServiceImpl_1_24" class="com.theplatform.web.tv.gws.service.contentresolution.legacy.ContentResolutionServiceImpl_1_24">
        <!-- 1_23 extends 1_24.  If you change this reference, change 1_23 too. -->
        <property name="contentResolutionService" ref="contentResolutionServiceImpl_1_25" />
        <property name="episodesHelper" ref="legacyEpisodesHelper"/>
        <property name="crsProgramToProgramInfoConverter" ref="crsProgramToProgramInfoConverter"/>
    </bean>

    <bean id="contentResolutionServiceImpl_1_25" class="com.theplatform.web.tv.gws.service.contentresolution.legacy.ContentResolutionServiceImpl_1_25"
                                                 parent="abstractContentResolutionServiceImpl"/>

    <bean id="contentResolutionServiceImpl_1_26" class="com.theplatform.web.tv.gws.service.contentresolution.legacy.ContentResolutionServiceImpl_1_26"
          parent="abstractContentResolutionServiceImpl"/>

    <bean id="contentResolutionServiceImpl_1_27" class="com.theplatform.web.tv.gws.service.contentresolution.legacy.ContentResolutionServiceImpl_1_27"
          parent="abstractContentResolutionServiceImpl"/>

    <bean id="contentResolutionServiceImpl_1_28" class="com.theplatform.web.tv.gws.service.contentresolution.legacy.ContentResolutionServiceImpl_1_28"
          parent="abstractContentResolutionServiceImpl"/>

    <bean id="contentResolutionServiceImpl_1_29" class="com.theplatform.web.tv.gws.service.contentresolution.legacy.ContentResolutionServiceImpl_1_29"
          parent="abstractContentResolutionServiceImpl"/>

    <!-- create content resolution service impl -->
    <bean id="contentResolutionServiceImpl" class="com.theplatform.web.tv.gws.service.contentresolution.ContentResolutionServiceImpl" parent="abstractContentResolutionServiceImpl"/>

    <bean id="contentResolutionHelper" class="com.theplatform.web.tv.gws.service.contentresolution.ContentResolutionHelper">
        <property name="channelRepository" ref="channelRepository" />
        <property name="locationRepository" ref="locationRepository" />
        <property name="listingRepository" ref="listingRepository" />
        <property name="programTeamAssociationRepository" ref="programTeamAssociationRepository"/>
        <property name="creditRepository" ref="creditRepository" />
        <property name="stationRespository" ref="stationRepository" />

        <property name="merlinDAO" ref="contentResolutionMerlinDAO" />
        <property name="streamLogic" ref="streamLogicImpl" />
        <property name="locatorLogic" ref="locatorLogic" />
        <property name="crsChannelToChannelInfoConverter" ref="crsChannelToChannelInfoConverter" />
        <property name="crsProductContextToProductContextInfoConverter" ref="crsProductContextToProductContextInfoConverter" />
        <property name="crsStationToStationInfoConverter" ref="crsStationToStationInfoConverter" />
        <property name="productContextLogic" ref="contentAvailabilityBasedPcLogicChannelMapModifier" />
        <property name="tveChannelPivotHelper" ref="tveChannelPivotHelper" />
        <property name="tveSyntheticChannelHelper" ref="tveSyntheticChannelHelper"/>
        <property name="sortIndexHelper" ref="nhlChannelHelper" />
        <property name="dynamicProperties" ref="dynamicProperties" />
        <property name="ownerUtil" ref="ownerUtil" />
        <property name="debugHelper" ref="debugHelper" />
    </bean>

    <bean id="backendServiceHelper" class="com.theplatform.web.tv.gws.service.contentresolution.BackendServiceHelper">
        <property name="channelRepository" ref="channelRepository"/>
        <property name="streamRepository" ref="streamRepository"/>
        <property name="locationRepository" ref="locationRepository" />
        <property name="dynamicProperties" ref="dynamicProperties" />
        <property name="merlinIdHelper" ref="merlinIdHelper"/>
        <property name="crsChannelToChannelInfoConverter" ref="crsChannelToChannelInfoConverter"/>
        <property name="crsLocatorToLocatorInfoConverter" ref="crsLocatorToLocatorInfo"/>
        <property name="crsProductContextToProductContextInfoConverter" ref="crsProductContextToProductContextInfoConverter" />
        <property name="productContextLogic" ref="contentAvailabilityBasedPcLogicChannelMapModifier" />
        <property name="ownerUtil" ref="ownerUtil" />
        <property name="debugHelper" ref="debugHelper" />
        <property name="takedownHelper" ref="takedownHelper"/>
    </bean>

    <!-- create grid mapper -->
    <bean id="gridMapper" class="com.theplatform.web.tv.gws.service.contentresolution.GridMapper"/>


    <bean id="availabilitiesResolutionModifier" class="com.theplatform.web.tv.gws.service.contentresolution.AvailabilitiesResolutionModifier" >
        <property name="channelRepository" ref="channelRepository" />
        <property name="productContextRepository" ref="productContextRepository" />
    </bean>

    <!-- create content resolution service impl -->
    <bean id="abstractContentResolutionServiceImpl" class="com.theplatform.web.tv.gws.service.contentresolution.ContentResolutionServiceImpl" abstract="true">
        <property name="merlinDAO" ref="contentResolutionMerlinDAO" />
        <property name="contentResolutionHelper" ref="contentResolutionHelper"/>
        <property name="gridMapper" ref="gridMapper" />
        <property name="CRSListingToListingInfoConverter" ref="listingMapper" />
        <property name="availabilitiesResolutionModifier" ref="availabilitiesResolutionModifier" />
        <property name="trendingProgramsRepository" ref="trendingProgramRepository"/>
        <property name="tagRepository" ref="tagRepository"/>
        <property name="crsTrendingProgramConverter" ref="crsTrendingProgramToTrendingProgramConverter"/>
        <property name="debugHelper" ref="debugHelper" />
        <property name="takedownHelper" ref="takedownHelper"/>
        <property name="ownerUtil" ref="ownerUtil"/>
        <property name="crsProgramToProgramInfoConverter" ref="crsProgramToProgramInfoConverter"/>
        <property name="episodesHelper" ref="episodesHelper"/>
        <property name="programRepository" ref="programRepository" />
        <property name="channelRepository" ref="channelRepository"/>
        <property name="crsChannelToChannelInfoConverter" ref="crsChannelToChannelInfoConverter"/>
        <property name="merlinIdHelper" ref="merlinIdHelper"/>
        <property name="backendServiceHelper" ref="backendServiceHelper" />
        <property name="streamRepository" ref="streamRepository"/>
        <property name="contentAvailabilityRepository" ref="contentAvailabilityRepository"/>
        <property name="locatorRepository" ref="locatorRepository" />
        <property name="dynamicProperties" ref="dynamicProperties" />
    </bean>

    <bean id="episodesHelper" class="com.theplatform.web.tv.gws.service.contentresolution.episodes.EpisodesHelper">
        <property name="programRepository" ref="programRepository"/>
        <property name="crsProgramToProgramInfoConverter" ref="crsProgramToProgramInfoConverter"/>
    </bean>

    <bean id="legacyEpisodesHelper" class="com.theplatform.web.tv.gws.service.contentresolution.episodes.LegacyEpisodesHelper">
        <constructor-arg ref="programRepository"/>
    </bean>

    <bean id="tveChannelPivotHelper" class="com.theplatform.web.tv.gws.service.contentresolution.TveChannelPivotHelper" >
        <property name="productContextRepository" ref="productContextRepository"/>
        <property name="stationModifierRepository" ref="stationModifierRepository"/>
        <property name="partnerRepository" ref="partnerRepository"/>
        <property name="usePartnerInheritance" value="${gridWebService.stationModifier.channelpivot.partnerInheritance}" />
        <property name="combineOwnerId" value="${combine.commons.default.ownerid}" />
    </bean>

    <bean id="tveChannelCloner" class="com.theplatform.web.tv.gws.service.contentresolution.ono.ChannelCloner">
        <property name="productContextConverter" ref="crsProductContextToProductContextInfoConverter"/>
        <property name="channelRepository" ref="channelRepository" />
    </bean>

    <bean id="tveSyntheticChannelHelper"
          class="com.theplatform.web.tv.gws.service.contentresolution.ono.TveSyntheticChannelHelper">
        <property name="channelRepository" ref="channelRepository"/>
        <property name="crsChannelToChannelInfoConverter" ref="crsChannelToChannelInfoConverter"/>
        <property name="productContextRepository" ref="productContextRepository"/>
        <property name="webServiceContext" ref="webServiceContext"/>
        <property name="channelCloner" ref="tveChannelCloner"/>
        <property name="dynamicProperties" ref="dynamicProperties" />
    </bean>

    <bean id="takedownHelper" class="com.theplatform.web.tv.gws.service.contentresolution.TakedownHelper">
        <property name="stationRepository" ref="stationRepository"/>
        <property name="stationTakedownRepository" ref="stationTakedownRepository" />
        <property name="channelRepository" ref="channelRepository" />
        <property name="crsStationToStationInfoConverter" ref="crsStationToStationInfoConverter"/>
        <property name="merlinIdHelper" ref="merlinIdHelper"/>
    </bean>

    <bean id="nhlChannelHelper" class="com.theplatform.web.tv.gws.service.contentresolution.SortIndexHelper">
        <property name="stationCompanyRepository" ref="stationCompanyRepository" />
        <property name="channelRepository" ref="channelRepository" />
    </bean>

</beans>
