<?xml version="1.0" encoding="UTF-8"?>
<beans xmlns="http://www.springframework.org/schema/beans"
       xmlns:xsi="http://www.w3.org/2001/XMLSchema-instance"
       xmlns:util="http://www.springframework.org/schema/util"
       xsi:schemaLocation=
               "http://www.springframework.org/schema/beans http://www.springframework.org/schema/beans/spring-beans.xsd
               http://www.springframework.org/schema/util http://www.springframework.org/schema/util/spring-util.xsd">

    <util:list id="siriusBulkLoaderMap">
        <ref bean="miscBulkLoader" />
        <ref bean="stationListingProgramCreditLoader" />
        <ref bean="channelLoader" />
    </util:list>

    <util:list id="programIdConsumers">
        <bean parent="abstractIdConsumer">
            <constructor-arg index="1" ref="programClientFacade"/>
            <constructor-arg index="2" value="id"/>
        </bean>
        <bean parent="abstractIdConsumer">
            <constructor-arg index="1" ref="creditClientFacade"/>
            <constructor-arg index="2" value="programId"/>
            <constructor-arg index="3" value="${sirius.bulker.credit.batch}"/>
        </bean>
    </util:list>

    <!-- For Production Bulking Only -->
    <bean id="stationListingProgramCreditLoader" parent="abstractBulkLoader">
        <property name="name" value="stationListingProgramCreditLoader"/>
        <property name="endpointBulkers">
            <list>
                <bean class="com.comcast.merlin.sirius.ingest.producer.dataservice.bulk.parallel.ParallelEndpointBulker">
                    <constructor-arg index="0" ref="stationClientFacade"/>
                    <constructor-arg index="1">
                        <list>
                            <bean parent="abstractIdConsumer">
                                <constructor-arg index="1" ref="stationClientFacade"/>
                                <constructor-arg index="2" value="id"/>
                            </bean>
                            <bean parent="abstractIdConsumer">
                                <constructor-arg index="1" ref="listingClientFacade"/>
                                <constructor-arg index="2" value="stationId"/>
                                <constructor-arg index="3" value="${sirius.bulker.listing.batch}"/>
                            </bean>
                        </list>
                    </constructor-arg>
                    <constructor-arg index="2" value="${sirius.bulker.station.threadpool}"/>
                </bean>
                <bean class="com.comcast.merlin.sirius.ingest.producer.dataservice.bulk.parallel.ParallelEndpointBulker">
                    <constructor-arg index="0">
                        <bean class="com.theplatform.web.tv.gws.ingest.producer.dataservice.bulk.ProgramIdProducer">
                            <constructor-arg index="0" ref="listingRepository"/>
                        </bean>
                    </constructor-arg>
                    <constructor-arg index="1" ref="programIdConsumers"/>
                    <constructor-arg index="2" value="${sirius.bulker.program.threadpool}"/>
                </bean>
            </list>
        </property>
    </bean>

    <bean id="channelLoader" parent="abstractBulkLoader">
        <property name="name" value="channelLoader"/>
        <property name="endpointBulkers">
            <list>
                <bean parent="abstractMiscEndpointBulker">
                    <constructor-arg index="0" ref="productContextClientFacade"/>
                </bean>
                <bean parent="abstractMiscEndpointBulker">
                    <constructor-arg index="0" ref="locationClientFacade"/>
                </bean>

    <!-- VERY IMPORTANT ProductContext and Location MUST be bulked before Channels.  Do not NOT recorder these or have Channel be part of a multiconsumer of Station Bulk -->
    <!-- NOTE the channels bulk is purposefully using Location Ids. -->
                <bean class="com.comcast.merlin.sirius.ingest.producer.dataservice.bulk.parallel.ParallelEndpointBulker">
                    <constructor-arg index="0" ref="locationClientFacade"/>
                    <constructor-arg index="1">
                        <list>
                            <bean parent="abstractIdConsumer">
                                <constructor-arg index="1" ref="channelClientFacade"/>
                                <constructor-arg index="2" value="locationId"/>
                                <constructor-arg index="3" value="${sirius.bulker.channel.batch}"/>
                            </bean>
                        </list>
                    </constructor-arg>
                    <constructor-arg index="2" value="${sirius.bulker.location.threadpool}"/>
                </bean>
            </list>
        </property>
    </bean>

    <bean id="miscBulkLoader" parent="abstractBulkLoader">
        <property name="name" value="miscBulkLoader"/>
        <property name="endpointBulkers">
            <list>
                <bean parent="abstractMiscEndpointBulker">
                    <constructor-arg index="0" ref="partnerClientFacade"/>
                </bean>
                <bean parent="abstractMiscEndpointBulker">
                    <constructor-arg index="0" ref="gameClientFacade"/>
                    <constructor-arg index="2" ref="gameKafkaListener"/>
                </bean>
                <bean parent="abstractMiscEndpointBulker">
                    <constructor-arg index="0" ref="serviceStateClientFacade"/>
                </bean>
                <bean parent="abstractMiscEndpointBulker">
                    <constructor-arg index="0" ref="tagClientFacade"/>
                </bean>
                <bean parent="abstractMiscEndpointBulker">
                    <constructor-arg index="0" ref="programTeamAssociationClientFacade"/>
                </bean>
                <bean parent="abstractMiscEndpointBulker">
                    <constructor-arg index="0" ref="streamClientFacade"/>
                </bean>
                <bean parent="abstractMiscEndpointBulker">
                    <constructor-arg index="0" ref="locatorClientFacade"/>
                </bean>
                <bean parent="abstractMiscEndpointBulker">
                    <constructor-arg index="0" ref="companyClientFacade"/>
                </bean>
                <bean parent="abstractMiscEndpointBulker">
                    <constructor-arg index="0" ref="tagAssociationClientFacade"/>
                </bean>
                <bean parent="abstractMiscEndpointBulker">
                    <constructor-arg index="0" ref="stationModifierClientFacade"/>
                </bean>
                <bean parent="abstractMiscEndpointBulker">
                    <constructor-arg index="0" ref="stationCompanyClientFacade"/>
                </bean>
                <bean parent="abstractMiscEndpointBulker">
                    <constructor-arg index="0" ref="stationTakedownClientFacade"/>
                </bean>
                <bean parent="abstractMiscEndpointBulker">
                    <constructor-arg index="0" ref="recorderManagerClientFacade"/>
                </bean>
                <bean parent="abstractMiscEndpointBulker">
                    <constructor-arg index="0" ref="availabilityTagClientFacade"/>
                </bean>
                <bean parent="abstractMiscEndpointBulker">
                    <constructor-arg index="0" ref="contentAvailabilityClientFacade"/>
                </bean>
                <bean parent="abstractMiscEndpointBulker">
                    <constructor-arg index="0" ref="linearCollectionClientFacade"/>
                </bean>
                <bean parent="abstractMiscEndpointBulker">
                    <constructor-arg index="0" ref="streamNamespaceClientFacade"/>
                </bean>
            </list>
        </property>
    </bean>
</beans>