<assembly>
    <id>package</id>
    <formats>
        <format>tar.gz</format>
    </formats>
    <includeBaseDirectory>true</includeBaseDirectory>
    <files>
        <file>
            <source>${project.basedir}/../webapp/src/main/resources/dev.properties</source>
            <outputDirectory>config</outputDirectory>
            <destName>DS_Configuration.properties</destName>
        </file>
    </files>
    <fileSets>
        <fileSet>
            <directory>${project.basedir}/src/main/resources</directory>
            <outputDirectory>.</outputDirectory>
            <includes>
                <include>run</include>
            </includes>
        </fileSet>
        <fileSet>
            <directory>${project.basedir}/../webapp/src/main/resources</directory>
            <outputDirectory>config</outputDirectory>
            <includes>
                <include>*.properties</include>
                <include>*.config</include>
                <include>logback.xml</include>
            </includes>
        </fileSet>
        <fileSet>
            <directory>${project.basedir}/target</directory>
            <outputDirectory>jar</outputDirectory>
            <includes>
                <include>**.jar</include>
            </includes>
        </fileSet>
        <fileSet>
            <directory>${project.basedir}/target/lib</directory>
            <outputDirectory>jar/lib</outputDirectory>
            <includes>
                <include>**.jar</include>
            </includes>
        </fileSet>
    </fileSets>
</assembly>
