<?xml version="1.0" encoding="UTF-8"?>
<beans xmlns="http://www.springframework.org/schema/beans"
       xmlns:xsi="http://www.w3.org/2001/XMLSchema-instance"
       xmlns:util="http://www.springframework.org/schema/util"
       xsi:schemaLocation=
               "http://www.springframework.org/schema/beans http://www.springframework.org/schema/beans/spring-beans.xsd
               http://www.springframework.org/schema/util http://www.springframework.org/schema/util/spring-util.xsd">

    <import resource="classpath:spring/ingest/producer/dataservice/spring-clients.xml"/>
    <import resource="classpath:spring/ingest/producer/dataservice/spring-bulk.xml"/>


    <!--
    >>>> Service Specific Settings
         Should only need one entry per service
    -->
    <bean id="entityDataServiceClient" abstract="true" parent="merlinDataServiceClient">
        <constructor-arg value="${grid.entity.client.base.url.backoffice}"/>
    </bean>
    <bean id="linearDataServiceClient" abstract="true" parent="merlinDataServiceClient">
        <constructor-arg value="${grid.linear.client.base.url.backoffice}"/>
    </bean>
    <bean id="locationDataServiceClient" abstract="true" parent="merlinDataServiceClient">
        <constructor-arg value="${grid.location.client.base.url.backoffice}"/>
    </bean>
    <bean id="offerDataServiceClient" abstract="true" parent="merlinDataServiceClient">
        <constructor-arg value="${grid.offer.client.base.url.backoffice}"/>
    </bean>
    <bean id="sportsDataServiceClient" abstract="true" parent="merlinDataServiceClient">
        <constructor-arg value="${grid.sports.client.base.url.backoffice}"/>
    </bean>


    <!--
        >>>> Special case - We need JobDS to be R/W
    -->
    <!--R/W User needed for the JobDS -->
    <bean id="merlinReadWriteAuthenticationClient" class="com.theplatform.module.authentication.client.AuthenticationClient">
        <constructor-arg index="0" value="${gridWebService.auth.service.base.url}"/>
        <constructor-arg index="1" value="${gridWebService.auth.merlin.rw.user}"/>
        <constructor-arg index="2" value="${gridWebService.auth.merlin.rw.password}"/>
        <constructor-arg index="3">
            <list/>
        </constructor-arg>
        <property name="httpClient">
            <bean class="com.theplatform.contrib.client.ProxyAwareHttpClientFactoryBean">
                <property name="baseUrl" value="${gridWebService.auth.service.base.url}"/>
                <property name="httpClientParams" ref="timeoutHttpClientParams"/>
                <property name="httpConnectionManagerParams" ref="timeoutHttpConnectionManagerParams" />
            </bean>
        </property>
    </bean>
    <bean id="jobDataServiceClient" abstract="true" >
        <constructor-arg value="${grid.job.client.base.url.backoffice}"/>
        <!-- We need R/W for jobDS so using a different authentication client -->
        <constructor-arg ref="merlinReadWriteAuthenticationClient"/>
        <constructor-arg ref="dsClientConfig"/>
    </bean>


    <!--
    >>>> Endpoint Specific Settings
    -->
    <import resource="classpath:spring/endpoint/spring-sirius-endpoint-availabilitytag.xml"/>
    <import resource="classpath:spring/endpoint/spring-sirius-endpoint-channel.xml"/>
    <import resource="classpath:spring/endpoint/spring-sirius-endpoint-company.xml"/>
    <import resource="classpath:spring/endpoint/spring-sirius-endpoint-contentavailability.xml"/>
    <import resource="classpath:spring/endpoint/spring-sirius-endpoint-credit.xml"/>
    <import resource="classpath:spring/endpoint/spring-sirius-endpoint-entitytag.xml"/>
    <import resource="classpath:spring/endpoint/spring-sirius-endpoint-game.xml"/>
    <import resource="classpath:spring/endpoint/spring-sirius-endpoint-listing.xml"/>
    <import resource="classpath:spring/endpoint/spring-sirius-endpoint-linearcollection.xml"/>
    <import resource="classpath:spring/endpoint/spring-sirius-endpoint-lineartagassociation.xml"/>
    <import resource="classpath:spring/endpoint/spring-sirius-endpoint-location.xml"/>
    <import resource="classpath:spring/endpoint/spring-sirius-endpoint-locator.xml"/>
    <import resource="classpath:spring/endpoint/spring-sirius-endpoint-partner.xml"/>
    <import resource="classpath:spring/endpoint/spring-sirius-endpoint-productcontext.xml"/>
    <import resource="classpath:spring/endpoint/spring-sirius-endpoint-program.xml"/>
    <import resource="classpath:spring/endpoint/spring-sirius-endpoint-programteamassociation.xml"/>
    <import resource="classpath:spring/endpoint/spring-sirius-endpoint-recordermanager.xml"/>
    <import resource="classpath:spring/endpoint/spring-sirius-endpoint-servicestate.xml"/>
    <import resource="classpath:spring/endpoint/spring-sirius-endpoint-station.xml"/>
    <import resource="classpath:spring/endpoint/spring-sirius-endpoint-stationcompany.xml"/>
    <import resource="classpath:spring/endpoint/spring-sirius-endpoint-stationmodifier.xml"/>
    <import resource="classpath:spring/endpoint/spring-sirius-endpoint-stationtakedown.xml"/>
    <import resource="classpath:spring/endpoint/spring-sirius-endpoint-stream.xml"/>
    <import resource="classpath:spring/endpoint/spring-sirius-endpoint-twitter.xml"/>
    <import resource="classpath:spring/endpoint/spring-sirius-endpoint-streamnamespace.xml"/>

    <!--
    >>>> General Settings

    -->
    <!-- **** Specify Bulker; see spring-bulk.xml
        !!! crs-spring-bulk-dev.xml should only be used in development.  It uses the location Id list in the properties
        file to limit the number of objects ingested at bulk time.
    -->
    <import resource="classpath:spring/ingest/producer/dataservice/crs-spring-bulk.xml"/>
    <!--<import resource="classpath:spring/ingest/producer/dataservice/crs-spring-bulk-dev.xml"/>-->


    <!-- Overriding the defaultReplayConsumer to include an EventConsumer to publish notifications.
    -->
    <import resource="classpath:spring/notifier/spring-notifier.xml"/>

    <!-- We don't want to ingest all Programs and Credits -->
    <util:map id="customMaintainers">
        <entry key="listing">
            <bean class="com.comcast.merlin.sirius.ingest.consumer.Chain">
                <property name="consumers">
                    <list>
                        <ref bean="programRepositoryMaintainer"/>
                        <ref bean="defaultRepositoryMaintainer"/>
                    </list>
                </property>
            </bean>
        </entry>
        <entry key="program">
            <bean class="com.comcast.merlin.sirius.ingest.consumer.Chain">
                <property name="consumers">
                    <list>
                        <ref bean="programRepositoryMaintainer"/>
                        <ref bean="creditRepositoryMaintainer"/>
                        <ref bean="defaultRepositoryMaintainer"/>
                    </list>
                </property>
            </bean>
        </entry>
        <entry key="credit">
            <bean class="com.comcast.merlin.sirius.ingest.consumer.Chain">
                <property name="consumers">
                    <list>
                        <ref bean="creditRepositoryMaintainer"/>
                        <ref bean="defaultRepositoryMaintainer"/>
                    </list>
                </property>
            </bean>
        </entry>
    </util:map>
</beans>
