<beans xmlns="http://www.springframework.org/schema/beans"
       xmlns:xsi="http://www.w3.org/2001/XMLSchema-instance"
       xmlns:context="http://www.springframework.org/schema/context"
       xsi:schemaLocation=
               "http://www.springframework.org/schema/beans http://www.springframework.org/schema/beans/spring-beans.xsd http://www.springframework.org/schema/context http://www.springframework.org/schema/context/spring-context.xsd">

    <context:annotation-config/>

    <!--<import resource="classpath:spring/repository/spring-repository.xml"/>-->
    <import resource="classpath:spring/service/spring-service.xml"/>
    <!--<import resource="classpath:spring/ingest/spring-ingest.xml"/>-->

    <bean id="merlinIdHelper" class="com.theplatform.web.tv.gws.uri.MerlinIdHelper">
        <property name="linearBaseUrl" value="${grid.linear.client.base.url.client}" />
        <property name="entityBaseUrl" value="${grid.entity.client.base.url.client}" />
        <property name="offerBaseUrl" value="${grid.offer.client.base.url.client}" />
        <property name="sportsBaseUrl" value="${grid.sports.client.base.url.client}"/>
        <property name="locationBaseUrl" value="${grid.location.client.base.url.client}"/>
    </bean>

    <bean id="accountIdHelper" class="com.theplatform.web.tv.gws.uri.AccountIdHelper" >
        <constructor-arg name="defaultOwnerId" value="${combine.commons.default.ownerid}"/>
    </bean>

</beans>