{
    "dependencies": [
        {
            "name": "kube-prometheus",
            "source": {
                "git": {
                    "remote": "../../",
                    "subdir": "contrib/kube-prometheus/jsonnet/kube-prometheus"
                }
            },
            "version": "."
        },
        {
            "name": "prometheus-operator",
            "source": {
                "git": {
                    "remote": "../../",
                    "subdir": "jsonnet/prometheus-operator"
                }
            },
            "version": "."
        }
    ]
}