<beans xmlns="http://www.springframework.org/schema/beans"
       xmlns:xsi="http://www.w3.org/2001/XMLSchema-instance"
       xmlns:util="http://www.springframework.org/schema/util"
       xsi:schemaLocation="http://www.springframework.org/schema/beans http://www.springframework.org/schema/beans/spring-beans-2.5.xsd
           http://www.springframework.org/schema/util http://www.springframework.org/schema/util/spring-util.xsd">

    <import resource="classpath:/spring/spring-sirius-ingester.xml"/>

    <util:list id="compassConfigurationLocations">
        <value>classpath:com/theplatform/web/web-service-configuration-defaults.properties</value>
        <value>classpath:dev.properties</value>
        <value>file:config/DS_Configuration.properties</value>
    </util:list>

    <bean id="properties" class="org.springframework.beans.factory.config.PropertiesFactoryBean">
        <property name="locations" ref="compassConfigurationLocations"/>
        <property name="ignoreResourceNotFound" value="true"/>
    </bean>

    <bean class="org.springframework.beans.factory.config.PropertyPlaceholderConfigurer">
        <property name="properties" ref="properties"/>
        <property name="nullValue" value=""/>
    </bean>

    <bean id="siriusBulkLoader"
          class="com.theplatform.web.tv.gws.ingest.producer.dataservice.bulk.SiriusBulkLoader">
        <property name="sirius" ref="sirius"/>
        <property name="offerBulkLoader" ref="offerBulkLoader"/>
        <property name="linearBulkLoader" ref="linearBulkLoader"/>
        <property name="locationBulkLoader" ref="locationBulkLoader"/>
        <property name="entityBulkLoader" ref="entityBulkLoader"/>
        <property name="sportsBulkLoader" ref="sportsBulkLoader"/>
    </bean>
</beans>